entry_date,exit_date,side,side_flag,spot,short_strike,long_strike,width,entry_credit,max_loss_per_spread,rsi3,rv20,ret5,ret10,ret20,spot_to_sma50,sma50_to_sma200,ema10_gap,iv_proxy,short_distance_pct,width_pct,credit_to_width,net_pnl_per_spread,return_on_risk_pct,label,exit_reason
2020-10-15,2020-10-19,bull_put,1,322.1264038085937,316,300,16,3.583694755940793,1241.6305244059206,0.0,0.1962076458407654,0.010820937365123573,0.03103476333044286,0.038860735449417705,1.0272729704884556,1.0935858111661056,0.008795741461421258,0.22563879271688017,0.019018632860142628,0.049669942639992776,0.22398092224629956,-131.9369153948466,-10.62610114695546,0,rule_exit
2020-10-16,2020-10-19,bull_put,1,321.93170166015625,315,299,16,3.262029494704952,1273.7970505295048,0.0,0.18997971207589598,0.0012682598283018098,0.040288293078634796,0.05032501750117224,1.0257852183686647,1.094032187986116,0.006687680446698874,0.21847666888728035,0.021531590782797858,0.04969998269039757,0.2038768434190595,-143.5373025321623,-11.268459325800391,0,rule_exit
2020-10-19,2020-10-20,bull_put,1,317.0372619628906,311,295,16,3.516068257311513,1248.3931742688487,0.0,0.19436303331193464,-0.029566222511344775,0.006622071861039469,0.04599827020800795,1.0096665265659375,1.094172096226836,-0.007061617187342217,0.2235174883087248,0.01904275202703867,0.05046725391500766,0.21975426608196957,36.847987428552585,2.951633202427071,1,rule_exit
2020-10-20,2020-10-21,bull_put,1,318.3072814941406,312,296,16,3.4225801911450326,1257.7419808854968,19.97149397486305,0.19227428987621575,-0.019278671988301577,0.02522916865096514,0.03960048966498686,1.0131639186418075,1.0943332610645573,-0.0025246928397196777,0.2211154333576481,0.019815071350344618,0.05026589377690541,0.21391126194656454,31.312999069709065,2.48962025165635,1,rule_exit
2020-10-21,2020-10-26,bull_put,1,317.7046813964844,311,295,16,2.8564121950396317,1314.3587804960368,18.767672485715437,0.16865781620226888,-0.014945733552941931,0.005781150429516435,0.06226732874109664,1.0105745546985285,1.0946260705978228,-0.0036135789822873132,0.1939564886326092,0.021103502054214827,0.05036123462100502,0.17852576218997698,-57.88048523897055,-4.403705144886433,0,rule_exit
2020-11-12,2020-11-24,bull_put,1,327.4195251464844,321,305,16,3.956464088991721,1204.353591100828,39.78862541774371,0.2196162730764801,0.008479914966798452,0.07039823259152245,0.016431814577472004,1.041110066423003,1.0896820068821225,0.01344897451685223,0.2525587140379521,0.019606421283557662,0.04886696965564822,0.24727900556198257,312.6442840754285,25.959509431915173,1,rule_exit
2020-11-19,2020-12-01,bull_put,1,331.6557312011719,325,308,17,4.157537963582934,1284.2462036417066,19.25450088749895,0.22546572890032873,0.012938159545592853,0.021527789005164832,0.0382167734798291,1.0479539460493192,1.0934668276302255,0.0077982903725457575,0.259285588235378,0.0200681929332761,0.051257971446567095,0.24456105668134906,360.014956937052,28.033172760500758,1,rule_exit
2020-11-20,2020-11-27,bull_put,1,329.3846740722656,323,306,17,4.232298211784409,1276.770178821559,18.0932940438274,0.2275311055333697,-0.007735292303310604,0.014764524825413128,0.027618648919428557,1.0394017289010673,1.0944268702469244,0.0007339990716210831,0.2616607713633751,0.019383640390216984,0.051611387347883314,0.24895871834025934,316.4956644949358,24.788773245554406,1,rule_exit
2020-11-30,2020-12-08,bull_put,1,335.62322998046875,329,312,17,3.0105093026220944,1398.9490697377908,31.76195356251877,0.16252664773721115,0.01894003090998231,0.01105823193134925,0.10877657032543953,1.0510619180246359,1.1001277591317784,0.006980369261693209,0.1869056448977928,0.019734122637620113,0.05065203621629318,0.17708878250718202,234.9005885973076,16.791218042078953,1,rule_exit
2020-12-09,2020-12-14,bull_put,1,340.06353759765625,333,316,17,2.8084285529535293,1419.1571447046472,20.929728074316998,0.13062576883681243,0.00016353449931694186,0.00999398256439199,0.03618240980434151,1.0481254711235295,1.112196481544978,0.0021546093106947772,0.18,0.020771228951965513,0.04999065798143119,0.16520167958550172,-22.124823505545237,-1.5590115293503892,0,rule_exit
2020-12-10,2020-12-14,bull_put,1,339.9523010253906,333,316,17,2.8365094771014725,1416.3490522898528,23.893076951090706,0.12909394988129022,0.00010908266239262332,0.011222749458783765,0.028205329139860957,1.045879752939107,1.1129216063978482,0.0014941576670439716,0.18,0.020450813259450085,0.05000701553930735,0.1668534986530278,-35.296729537802776,-2.492092572853953,0,rule_exit
2020-12-11,2020-12-14,bull_put,1,339.5537109375,333,316,17,2.938681380542136,1406.1318619457866,0.0,0.12274033634823463,-0.00959843793059989,0.00723162968262403,0.037060055552847304,1.0429129167279614,1.1134672986268028,0.0002617354633147606,0.18,0.019300955125495036,0.05006571700560536,0.17286361062012565,-39.85290935770746,-2.834222766459437,0,rule_exit
2020-12-14,2020-12-24,bull_put,1,338.03338623046875,331,314,17,2.7931601735939067,1420.6839826406092,0.0,0.11603982570478158,-0.012002771503322962,0.007181136568348512,0.01831877917340119,1.0364244555360067,1.1143625877647945,-0.003452802849063241,0.18,0.020806779794447398,0.05029089046372929,0.16430353962317099,223.11397150030584,15.704686913243467,1,rule_exit
2020-12-22,2021-01-04,bull_put,1,341.8761901855469,335,318,17,2.8785906439294373,1412.1409356070562,0.0,0.10303854280388561,-0.002123025185292615,-0.003686305857107719,0.031739061521312895,1.0386142682702233,1.1163379690273,7.943671614696335e-05,0.18,0.02011310054032997,0.049725603853177286,0.16932886140761397,144.94952685507977,10.264522697429513,1,rule_exit
2020-12-23,2021-01-04,bull_put,1,342.1833190917969,335,318,17,2.80116379577819,1419.883620422181,14.534321158817491,0.08757517991341839,-0.0027912545375117226,0.006233486568761881,0.01628976648923741,1.0384356583246663,1.1158026366051639,0.0007999340808868549,0.18,0.020992604522226344,0.04968097230782732,0.16477434092812882,116.56503961665948,8.209478434718518,1,rule_exit
2021-01-04,2021-01-08,bull_put,1,343.31915283203125,336,319,17,2.778717909571496,1422.1282090428504,32.224467792555856,0.09895814681317058,-0.0005690153422704958,-0.005045137374637743,0.010014057747553373,1.0322450493604574,1.1128195604805309,-0.0033720367790311956,0.18,0.021318801388316783,0.049516608263091115,0.16345399468067623,227.94017791937858,16.0281032659349,1,rule_exit
2021-01-13,2021-01-15,bull_put,1,353.55938720703125,346,329,17,2.8317421957489706,1416.825780425103,29.972041339514618,0.10560347771640329,0.01670466112445168,0.02242517579803316,0.04593037732070937,1.0454020059535747,1.115157203492677,0.009211348558022081,0.18,0.021380813183174665,0.04808244559504633,0.16657307033817473,-89.55624098138514,-6.320907074016876,0,rule_exit
2021-01-15,2021-01-26,bull_put,1,349.7518920898437,343,325,18,3.0500441566800145,1494.9955843319985,19.96099538744771,0.10332784696593336,-0.014583229616973115,0.004867888202444437,0.019265481613027546,1.0290027584370935,1.1163327322344145,-0.0021989827388171346,0.18,0.019304805041938926,0.0514650539628137,0.16944689759333414,231.01109476381617,15.452292781656457,1,rule_exit
2021-01-27,2021-01-28,bull_put,1,348.5509948730469,342,324,18,3.0914406587767105,1490.855934122329,13.141549619257106,0.1434239368146335,-0.0246944964964787,-0.011510847155942305,0.006018856535288997,1.0132432256397736,1.1155175235776418,-0.014833735064713416,0.18,0.018794939533691338,0.05164237160348993,0.1717467032653728,77.89505929952423,5.224854898228733,1,rule_exit
2021-01-28,2021-01-29,bull_put,1,351.5486145019531,345,327,18,3.1269011140097587,1487.3098885990241,24.394035722090877,0.14606645800436,-0.01720287107538543,-0.005687227599760147,0.016610411119544866,1.0207943327456876,1.1151489168985071,-0.005210543059055994,0.18,0.018627905876490783,0.05120202230209613,0.1737167285560977,-244.23792666548388,-16.421455174721153,0,rule_exit
2021-02-18,2021-02-22,bull_put,1,363.73443603515625,356,338,18,2.948618699581771,1505.138130041823,4.284844606088228,0.1548229715686343,0.0016405126709244655,0.023228937027832464,0.01779137772379391,1.0358101301774478,1.1119243926029634,0.0032734588190797,0.18,0.021263964224736448,0.0494866534942549,0.16381214997676505,-79.93510162776062,-5.310815003108019,0,rule_exit
2021-02-19,2021-02-22,bull_put,1,363.0921325683594,356,338,18,3.1108068905400286,1488.919310945997,3.6728795643365544,0.1551180615645365,-0.0017403968571335637,0.00994307028625796,0.015068444883080456,1.0327486459137312,1.1114912755893374,0.0012284264446935644,0.18,0.019532597740944273,0.04957419449624439,0.17282260503000157,-79.087354431118,-5.311728704819417,0,rule_exit
2021-02-22,2021-02-23,bull_put,1,360.2993774414063,353,335,18,3.043644609142184,1495.6355390857816,0.0,0.15734068736724482,-0.014287964948720422,-0.001753947777608511,0.010838809503261215,1.02380586212293,1.1108377221668257,-0.0053020115982328475,0.18094179047233153,0.02025920081583646,0.04995845434933412,0.16909136717456577,15.918432557306119,1.064325642264183,1,rule_exit
2021-02-23,2021-02-25,bull_put,1,360.7368774414063,354,335,19,3.2373122722828938,1576.2687727717105,11.29744042365418,0.15686575080114531,-0.012235596909848323,-0.007707904824919898,0.008090650352041484,1.0238461370534615,1.110455283450416,-0.0033522804319982002,0.1803956134213171,0.01867532227142639,0.052669968578652256,0.17038485643594178,-142.18020484426103,-9.020048312842702,0,rule_exit
2021-02-25,2021-02-26,bull_put,1,355.9239501953125,349,331,18,3.1654546123539986,1483.4545387646,33.42727020528916,0.16030704756751002,-0.02147304479878509,-0.019867758929936308,0.02115316103157605,1.0078330562525706,1.1098484219811071,-0.014785361352122828,0.1843531047026365,0.019453454007556943,0.05057260122597128,0.17585858957522216,-46.12655137932961,-3.1094010752593166,0,rule_exit
2021-02-26,2021-03-02,bull_put,1,354.090087890625,347,329,18,3.072909436668163,1492.7090563331838,27.232415390661956,0.15919737441767476,-0.02479272853988257,-0.026489976210185562,0.007229365395942322,1.0017294033100141,1.1092789460204544,-0.01630928009838828,0.18307698058032595,0.020023401199570037,0.05083452097523844,0.17071719092600907,150.58525294905826,10.0880511383088,1,rule_exit
2021-03-18,2021-03-19,bull_put,1,364.4420471191406,357,339,18,3.8002080371823435,1419.9791962817656,17.692955471153354,0.19062460885550905,-0.005209182402269974,0.03923568116153153,0.0019454058067682745,1.0167039704998682,1.1031948279966792,-0.0009985555995520867,0.2192183001838354,0.02042038556738687,0.04939056879492167,0.21112266873235241,-15.966341040131965,-1.1244066872204919,0,rule_exit
2021-03-19,2021-03-23,bull_put,1,363.76763916015625,356,338,18,3.7096249567012185,1429.0375043298782,17.18719349574495,0.19063622316263476,-0.00838526096781933,0.018574294486228604,0.0018604275091795852,1.0139164137012864,1.1028773617973275,-0.002330758046286241,0.21923165663702995,0.021353298985279958,0.04948213656816,0.2060902753722899,14.555835305132973,1.0185761578006083,1,rule_exit
2021-03-22,2021-03-23,bull_put,1,366.6723327636719,359,341,18,3.7580200225933424,1424.1979977406659,32.418817566877166,0.19019224324391149,-0.006392927803976489,0.03184465202317699,0.017687944307652748,1.0212294908763369,1.102359823723026,0.0046062710193115475,0.2187210797304982,0.020924220559113898,0.04909015050121435,0.20877889014407458,-80.77531587716862,-5.671635264570644,0,rule_exit
2021-03-24,2021-03-25,bull_put,1,361.9370727539063,355,337,18,3.8798304951978637,1412.0169504802136,38.019780623617194,0.18952094786815363,-0.02132310862324116,-0.002029858944872065,-0.007608559133245429,1.0070169091514203,1.1011977074291446,-0.006367831030088977,0.21794909004837665,0.019166516160180877,0.04973240199751196,0.21554613862210353,100.32102911657472,7.104803457384594,1,rule_exit
2021-03-25,2021-04-01,bull_put,1,363.9732055664063,357,338,19,3.4903215851082883,1550.9678414891712,30.069630664533676,0.16822329754102675,-0.001286463942457905,-0.006488944919397666,0.022615099002685213,1.0120420976624054,1.1007290056703494,-0.0006366355489316744,0.19345679217218073,0.019158568432406372,0.05220164481732291,0.18370113605833097,282.25505230862575,18.198639891696068,1,rule_exit
2021-04-20,2021-04-29,bull_put,1,384.9597473144531,377,358,19,3.17721720795581,1582.278279204419,21.451081831979465,0.10965003726003551,-0.0016712466279472649,0.014896849798518907,0.0498739962542194,1.0447480894316472,1.1003423140324926,0.0019124120836548908,0.18,0.02067683016206687,0.04935580962047939,0.16722195831346368,248.60380885213948,15.711762723377538,1,rule_exit
2021-04-22,2021-05-04,bull_put,1,385.0531311035156,377,358,19,3.1538644470789934,1584.6135552921007,36.31271828946263,0.11031342117385781,-0.008656543049206933,0.009179330310242095,0.06386761702448407,1.0423526162248744,1.099997969346872,6.866001045957582e-05,0.18,0.020914337406986738,0.04934383975932958,0.16599286563573648,211.7416669310462,13.362353630252436,1,rule_exit
2021-05-04,2021-05-05,bull_put,1,388.1820373535156,380,361,19,3.1556240296999554,1584.4375970300043,14.42305678319336,0.09604573180866617,-0.0045505214548395845,0.008370459668944008,0.023392002947895785,1.039014217259381,1.0999064822593432,-0.0018784275131261685,0.18,0.021077836082518883,0.048946108195874055,0.16608547524736608,7.056031249728846,0.44533349012641654,1,rule_exit
2021-05-05,2021-05-11,bull_put,1,388.3033752441406,381,361,20,3.4400720214168827,1655.9927978583119,28.530308927488477,0.0960944920880298,-0.003953211201286999,-0.0007690605367577374,0.022528630809699024,1.0378075011817651,1.1000906095422072,-0.001281993594359876,0.18,0.018808425859159025,0.051506119377471966,0.17200360107084414,18.827099658197938,1.1369070978175113,1,rule_exit
2021-05-11,2021-05-12,bull_put,1,386.8651123046875,379,360,19,3.2235548217530523,1577.644517824695,27.82819459433675,0.11113982821107225,-0.0033925450487262143,-0.007927628654535113,0.003269998966402232,1.0270750079058582,1.1015329131244975,-0.007025970246359092,0.18,0.020330373700105295,0.04911272532901847,0.1696607800922659,-258.1968622882826,-16.36597214208258,0,rule_exit
2021-05-12,2021-05-13,bull_put,1,378.6460876464844,371,352,19,3.188330805806408,1581.1669194193591,0.0,0.1343919763360482,-0.02487047039337309,-0.02872536337251974,-0.014679733142254014,1.0042519729748438,1.1013407842570273,-0.023127075143627884,0.18,0.020193230290611104,0.05017878335438919,0.16780688451612674,108.17931647291181,6.841739170247613,1,rule_exit
2021-05-13,2021-05-18,bull_put,1,383.1945190429688,376,356,20,3.410618362348478,1658.938163765152,27.98840224819139,0.13589398401384103,-0.02097518575441981,-0.023282427517532178,-0.01344165646966522,1.0148018421633895,1.1015891319507767,-0.009340508825690375,0.18,0.01877510946904244,0.052192813326114765,0.17053091811742388,80.21930826540222,4.835581579685599,1,rule_exit
2021-05-19,2021-05-27,bull_put,1,383.7362060546875,376,357,19,3.2222833432149014,1577.7716656785099,0.0,0.1428484936566377,0.013442944676495427,-0.011761858074454179,-0.012521873030327924,1.0097094121940937,1.1032174252970197,-0.0066994355194385236,0.18,0.02016021926683923,0.049513180409388444,0.16959386016920533,240.96468887124502,15.27246902153106,1,rule_exit
2021-06-03,2021-06-15,bull_put,1,391.1240234375,383,364,19,3.2036275032533292,1579.6372496746671,25.480374963727442,0.1391540922856251,-0.0007160714374822019,0.01925233341614807,0.007264032128450948,1.0159654151914097,1.1044371959394539,0.0009932412668192114,0.18,0.020770965092094848,0.04857794167950443,0.16861197385543839,244.21411740833105,15.46013918439996,1,rule_exit
2021-06-09,2021-06-16,bull_put,1,393.81396484375,386,366,20,3.3643625867342126,1663.5637413265788,7.956616052060724,0.12816947542058493,0.003140757766598945,0.008153353418542952,0.01796195190014882,1.0170437015802678,1.105660683417573,0.0029084979732307836,0.18,0.019841766776478524,0.05078540068515655,0.16821812933671063,93.25389099061141,5.605669844441776,1,rule_exit
2021-06-16,2021-06-17,bull_put,1,394.2436218261719,386,367,19,3.207421647131324,1579.2578352868675,23.1713925947178,0.07071825629091331,0.0010910151004734914,0.00423519948122264,0.02468810986375858,1.012505916739543,1.1058393043078578,-0.0010891107961517044,0.18,0.02090996878525689,0.04819355075927492,0.16881166563849073,0.5243769699078484,0.033204012555213755,1,rule_exit
2021-06-17,2021-06-18,bull_put,1,394.11279296875,386,367,19,3.239831082676451,1576.016891732355,0.0,0.06952108116677043,-0.0038716548798478634,0.0076414879990811535,0.027040937889982963,1.0114236587657173,1.1055312021731165,-0.0011626070276710143,0.18,0.020584952108858034,0.04820954898946036,0.17051742540402373,-152.5421929566469,-9.678969416944053,0,rule_exit
2021-07-08,2021-07-16,bull_put,1,403.7886047363281,396,376,20,3.485063567411554,1651.4936432588445,26.10928330072916,0.09446034871592113,0.006681080854065602,0.019687446318682023,0.02532830418173626,1.0263278091524297,1.097322249860004,0.0027275283929131255,0.18,0.019288817576746733,0.04953086779915421,0.1742531783705777,116.89036713616386,7.077857526929833,1,rule_exit
2021-07-15,2021-07-16,bull_put,1,407.3775329589844,399,379,20,3.3690626088702396,1663.093739112976,17.9053993432493,0.0989572426693842,0.008888136466852048,0.01562859967929464,0.0333142006761582,1.0306675676786117,1.0944419834208212,0.0028034862351058454,0.18,0.020564543405558505,0.04909450910247827,0.16845313044351198,-85.66745899467861,-5.151090222994287,0,rule_exit
2021-07-16,2021-07-19,bull_put,1,404.1821899414063,396,376,20,3.3844221099826184,1661.557789001738,11.711167185023527,0.10440353555636928,-0.00959776749289143,0.0021139799836611406,0.025549530876189275,1.0217623756307086,1.0938662580054062,-0.004145610119995147,0.18,0.020243816142894538,0.04948263554833866,0.1692211054991309,-176.8594348987479,-10.64419402499415,0,rule_exit
2021-07-19,2021-07-20,bull_put,1,398.2132873535156,390,370,20,3.3082771469797243,1669.1722853020276,0.0,0.10687044676987408,-0.027706735915995928,-0.020174327854678875,0.024221452472396043,1.0063267033814909,1.0929164447112396,-0.015477612247834949,0.18,0.020625347305963306,0.05022434116379675,0.16541385734898623,130.31369592494048,7.807084809184986,1,rule_exit
2021-07-20,2021-07-29,bull_put,1,403.9198913574219,396,376,20,3.4512739107708166,1654.8726089229185,38.37443154766791,0.10689442228306921,-0.010399530816977642,-0.004319245308624486,0.024236340868383,1.020249405955965,1.0920706742598163,-0.001120282338571199,0.18,0.01960757944058194,0.04951476871512212,0.17256369553854084,280.6448354867241,16.958697241921424,1,rule_exit
2021-07-28,2021-08-10,bull_put,1,411.20062255859375,403,382,21,3.5070592624439922,1749.2940737556007,33.02791582427871,0.11387459707373383,0.009849126949074583,0.0059372012576621724,0.026022811536406065,1.0309795891410345,1.0915681647531483,0.005365221958969046,0.18,0.019943118051639643,0.05106996159036121,0.1670028220211425,262.4081960679224,15.000805182204275,1,rule_exit
2021-08-02,2021-08-12,bull_put,1,410.0387268066406,402,381,21,3.537452263632807,1746.2547736367192,37.29553326526149,0.11301690946195751,-0.007777517179082816,0.0296962452752787,0.008922815632363301,1.0240866097057046,1.0919244189698256,0.00021537346698119464,0.18,0.01960479896434611,0.05121467468096699,0.16845010779203845,284.67753511291346,16.30217648711414,1,rule_exit
2021-08-17,2021-08-18,bull_put,1,416.0826416015625,408,387,21,3.5952127386277457,1740.4787261372255,38.832192223226976,0.07335171274075036,0.00307222317822764,0.006551125846021355,0.030111788263920802,1.0259401683184683,1.089758706672621,0.0012148936744273975,0.18,0.01942556788827152,0.050470742829280144,0.17120060660132122,-132.40450210104115,-7.607361130744549,0,rule_exit
2021-08-18,2021-08-19,bull_put,1,411.5285949707031,403,383,20,3.3761957112721337,1662.3804288727868,11.877420044135846,0.08132889747581021,-0.010365464031050209,0.00045552918580682444,0.010654579654790775,1.0138549259238598,1.0890866545519695,-0.007986066620915055,0.18,0.020724185572840396,0.04859929600134787,0.16880978556360668,20.234376276088938,1.2171928834490249,1,rule_exit
2021-08-19,2021-08-27,bull_put,1,412.165771484375,404,383,21,3.5276298331111513,1747.2370166888848,8.028192301333092,0.0812138321577166,-0.011794720542045445,-0.004301104916777598,0.010104297845460408,1.014507334212654,1.0885224098422566,-0.005283563172800432,0.18,0.019811862239231478,0.050950373497465694,0.16798237300529292,277.5079623316552,15.88267416961832,1,rule_exit
2021-08-26,2021-09-09,bull_put,1,418.1629028320313,410,389,21,3.5973088500901933,1740.2691149909806,38.37309702340432,0.08358102692471286,0.014550289622688117,0.0025839524807371728,0.012731311935028522,1.0235602555422554,1.0875237022322823,0.0023006784499950417,0.18,0.01952086800801218,0.05021966285812621,0.17130042143286633,249.85749833268585,14.357405770197834,1,rule_exit
2021-09-08,2021-09-09,bull_put,1,422.5200805664063,414,393,21,3.5513081371235518,1744.8691862876449,0.0,0.0797691469316465,-0.0014393698708878855,0.006562913808102477,0.01859129455593589,1.0232782445679336,1.0884893528330022,0.000905943197895942,0.18,0.020164912765766714,0.049701779787243716,0.1691099112915977,-45.36060004009926,-2.5996562032600123,0,rule_exit
2021-09-09,2021-09-10,bull_put,1,420.7115783691406,412,391,21,3.4801269384778566,1751.9873061522144,0.0,0.08161728102418092,-0.006241645319822076,0.00015590847410806852,0.011717564038895345,1.0179151895504503,1.088230691941216,-0.0027656884373246093,0.18,0.02070677113976862,0.04991543156811859,0.16572033040370746,-89.14408579839159,-5.088169616603755,0,rule_exit
2021-09-10,2021-09-13,bull_put,1,417.3943786621094,409,388,21,3.5263445240928233,1747.3655475907176,0.0,0.0863718693965066,-0.01710136443402288,-0.0018378583196095866,0.0007413452225635275,1.0090939668443228,1.0878561305526486,-0.00871297934920423,0.18,0.020111384080006556,0.050312129423764944,0.16792116781394398,31.750965563122577,1.8170763185128078,1,rule_exit
2021-09-13,2021-09-14,bull_put,1,418.4626159667969,410,389,21,3.5203661002271733,1747.9633899772828,17.246493203194504,0.08661219611557805,-0.01434634538850077,-0.008151250286349776,0.001479777638230706,1.0109368235805418,1.0874828702762127,-0.005058754050898173,0.18,0.020223111083041992,0.05018369431038078,0.16763648096319872,-58.562937773255385,-3.3503526509223107,0,rule_exit
2021-09-14,2021-09-15,bull_put,1,416.2044372558594,408,387,21,3.5636826701355124,1743.6317329864487,16.079155527381957,0.0882759489589977,-0.0161474976525795,-0.01782276517053416,-0.006264426656026556,1.0050059471911088,1.086854877889566,-0.008548063018545604,0.18,0.019712517506909093,0.05045597336361497,0.16969917476835775,88.63783408844432,5.083518062419503,1,rule_exit
2021-11-10,2021-11-23,bull_put,1,435.8215637207031,427,405,22,3.670323349071693,1832.9676650928307,7.005594469207679,0.0848954885243059,-0.0023670466091764153,0.021324373198951196,0.06535208350879707,1.0367120855854615,1.061132006504288,0.0006139890467729003,0.18,0.020241228188416203,0.0504793746600816,0.16683287950325879,281.8995288357456,15.379405442019559,1,rule_exit
2021-11-11,2021-11-24,bull_put,1,435.9625854492188,427,405,22,3.6344247812662984,1836.5575218733702,2.747536967780974,0.06832869356142791,-0.006724913091344931,0.011891205004765482,0.048067637439997535,1.0364258371723774,1.0606385513476664,0.0007671310469863357,0.18,0.02055815280566725,0.0504630459912771,0.1652011264211954,292.60697588481327,15.932361083160693,1,rule_exit
2021-11-23,2021-11-26,bull_put,1,440.11761474609375,431,409,22,3.6410069473563498,1835.899305264365,22.303704049697046,0.06829461715738344,-0.0023226006042884606,0.0017330906964683201,0.026822619130769887,1.0386823272608752,1.0594830225861132,0.001768720588194217,0.18,0.02071631409561681,0.049986638259620485,0.165500315788925,-252.59542376293632,-13.75867527367266,0,rule_exit
2021-11-26,2021-11-29,bull_put,1,431.4505004882813,423,401,22,3.7198594430443794,1828.0140556955623,15.15411409388875,0.10163735760190193,-0.022906571955206956,-0.0103497068591063,0.0014184276596582723,1.0165941627939286,1.0592537851103492,-0.015394648126029753,0.18,0.019586257238588676,0.050990785675534396,0.16908452013838088,128.12873944689488,7.00917692879236,1,rule_exit
2021-11-29,2021-11-30,bull_put,1,436.7427673339844,428,406,22,3.7019558927671605,1829.804410723284,39.65364644243806,0.11034965598240805,-0.009149341834786995,-0.005714202739943941,0.01164947464685162,1.028007413342927,1.059400842390194,-0.0027157614897064253,0.18,0.020018115897723926,0.050372900584696435,0.1682707223985073,-267.06631526998615,-14.595347661470568,0,rule_exit
2021-11-30,2021-12-01,bull_put,1,428.2449340820313,420,398,22,3.7388069660945398,1826.119303390546,22.394302538805164,0.13114883070136635,-0.02568578584782244,-0.025393999678574586,-0.009738243511554057,1.0070461200086562,1.0595769397337431,-0.018171441497092822,0.18,0.01925284673759146,0.051372469932792826,0.16994577118611545,-140.01971127740234,-7.667610271542964,0,rule_exit
2021-12-02,2021-12-03,bull_put,1,429.97454833984375,421,400,21,3.516082305632466,1748.3917694367533,32.85724223756115,0.1454002683481132,-0.025647504930058074,-0.022941794556425976,-0.01575136649718112,1.0094884117902996,1.0596398146546764,-0.007348354988329087,0.18,0.02087227807900489,0.04884010014332755,0.16743249074440314,-100.61898661884572,-5.754945108856253,0,rule_exit
2021-12-13,2021-12-14,bull_put,1,438.59466552734375,430,408,22,4.280165452368807,1771.9834547631194,37.425377574940704,0.17470166025318917,0.016957559823218116,0.0042402492539577175,-0.0014981831298911397,1.0210556611504549,1.0615468282311937,0.0035033057094928655,0.20090690929116753,0.019595918972270136,0.05016020879676757,0.19455297510767303,-86.12434451367608,-4.860335703596582,0,rule_exit
2021-12-14,2021-12-17,bull_put,1,435.5771789550781,427,405,22,4.295146383204416,1770.4853616795585,37.29809792802135,0.1763773942374977,-0.010506398712250342,0.01712161496729414,-0.008707170996256508,1.0124922752824113,1.062166019351317,-0.0027841080089638925,0.20283400337312235,0.019691525106191814,0.05050769659874422,0.1952339265092916,-41.42128366386146,-2.3395439781872835,0,rule_exit
2021-12-30,2022-01-05,bull_put,1,449.1822204589844,440,418,22,4.115305499400021,1788.4694500599976,26.292231967315985,0.16994409121588455,0.018110068032160864,0.015369333724889467,0.060672137451228236,1.0287567665863537,1.066393499486101,0.010267437197374107,0.19543570489826723,0.020442083503665345,0.04897789582481673,0.18705934088181914,-128.72176012916538,-7.197313888970659,0,rule_exit
2021-12-31,2022-01-05,bull_put,1,448.0502624511719,439,417,22,3.9827811370735864,1801.7218862926413,19.48880138083574,0.16451144163768538,0.009264768246401323,0.02182156049741879,0.04203903273140108,1.0250952473409,1.0664167623648766,0.006308751108443866,0.18918815788333818,0.020199212475984576,0.0491016339989256,0.18103550623061757,-125.87399356345526,-6.986316507619446,0,rule_exit
2022-01-05,2022-01-06,bull_put,1,441.843017578125,433,411,22,3.7833813261671243,1821.6618673832877,22.764728409179156,0.15820856703921113,-0.01905850074067006,0.011488792368628875,0.0037276050963972462,1.008015431184786,1.0662261648656155,-0.00945918018919123,0.18193985209509278,0.020013935326162333,0.04979143977557605,0.171971878462142,-5.948931551471787,-0.32656617882752764,0,rule_exit
2022-01-06,2022-01-07,bull_put,1,441.4279174804688,433,411,22,3.8839065731505698,1811.6093426849432,0.0,0.15799466587595595,-0.017263156521627354,0.0005342745714771446,0.00013628123967412975,1.0064802834700528,1.0658187898014715,-0.00851680768622154,0.18169386575734933,0.019092397981017376,0.049838261534451776,0.17654120787048044,-40.871409008328556,-2.256082922809065,0,rule_exit
2022-01-07,2022-01-10,bull_put,1,439.6827697753906,431,409,22,3.75703399525019,1824.296600474981,0.0,0.15670311979359458,-0.01867534376613189,-0.009583598251645675,0.002953687392947879,1.0019090947421732,1.0654685718852894,-0.010198421398279867,0.18020858776263377,0.019747805400302968,0.05003607489836041,0.17077427251137228,-9.716660020112045,-0.5326250138043439,0,rule_exit
2022-01-10,2022-01-11,bull_put,1,439.1356506347656,430,408,22,3.6250517751251303,1837.494822487487,0.0,0.15290702432656783,-0.02553851340145541,-0.024619787636360524,-0.007635900449093569,1.0002841665154776,1.0649755322461518,-0.009371359765671383,0.18,0.020803709791177613,0.050098414847893236,0.16477508068750593,98.47057477358652,5.358957944724064,1,rule_exit
2022-03-16,2022-03-17,bear_call,0,410.9391174316406,427,436,9,2.4689290747340773,653.1070925265922,85.84583443951593,0.26119996981092974,0.019208711560134928,-0.005184095183270676,-0.02349269101775775,0.9824200642866264,0.9985755156670245,0.01993963469416382,0.30037996528256916,0.03908336268579028,0.02190105448283867,0.27432545274823084,-59.65292004576429,-9.133711871814567,0,rule_exit
2022-05-16,2022-05-17,bear_call,0,378.59466552734375,394,401,7,2.241657385112651,475.8342614887349,82.1364728740183,0.3237966352578131,0.0048221100244567605,-0.034718208575980625,-0.08648993980569286,0.9280426307780336,0.9700715973306719,-0.01094682983101214,0.37236613054648504,0.04069083871321375,0.018489431144651007,0.3202367693018073,-66.31399945001121,-13.936364994512097,0,rule_exit
2022-05-17,2022-05-25,bear_call,0,386.3824768066406,402,410,8,2.5166043527267767,548.3395647273223,91.52779314298357,0.32786244624120964,0.023127516660292224,-0.019357361708732812,-0.08250968507737189,0.9475640427697565,0.969902867797087,0.007676404787932967,0.37704181317739105,0.04041985372223527,0.020704872710890256,0.3145755440908471,126.63802057206362,23.094817284439074,1,rule_exit
2022-05-23,2022-05-25,bear_call,0,375.594970703125,391,398,7,2.313656311644517,468.63436883554834,75.65972812790287,0.3490113031200582,-0.007923235843908416,-0.003139332534440653,-0.07372050712341716,0.9260994533631393,0.9666265278044457,-0.00306015710898655,0.4013629985880669,0.04101500418931682,0.018637097261701326,0.330522330234931,3.6114562866961535,0.7706341077095594,1,rule_exit
2022-05-25,2022-05-26,bear_call,0,376.020751953125,391,399,8,2.5579143283358876,544.2085671664113,78.04333702576758,0.33837355262089897,0.014061203252910381,0.011763073263320267,-0.04769122790963187,0.9292871062985004,0.9653271793579485,8.280438383190258e-06,0.38912958551403376,0.0398362270408478,0.021275421525132437,0.31973929104198595,-68.3200129521523,-12.554012757991185,0,rule_exit
2022-05-26,2022-05-27,bear_call,0,383.5342102050781,399,407,8,2.5359332316811347,546.4066768318866,79.03110974224376,0.3331668496636955,0.04069738940625256,0.033057955857568544,-0.05259346213939253,0.9491413191025745,0.9643912139549838,0.016296180354809398,0.38314187711324976,0.04032440753238732,0.020858634737491475,0.31699165396014184,-83.27249885343346,-15.240022200360848,0,rule_exit
2022-05-31,2022-06-01,bear_call,0,390.7447814941406,406,414,8,2.5327480178298094,546.725198217019,88.47669676365649,0.3200886884728256,0.04033549960121863,0.03209267608108801,-0.003739732716837252,0.9695299016070706,0.9624487214709057,0.02254686343144119,0.3681019917437494,0.03904138769947497,0.020473721925112806,0.3165935022287262,23.404320946299833,4.28081987488889,1,rule_exit
2022-06-22,2022-06-24,bear_call,0,355.80584716796875,370,377,7,2.134697148589355,486.5302851410645,93.63152148741192,0.2993334007947129,0.005716751289790656,-0.09557084350349909,-0.052687402864075694,0.9213441160720273,0.9302976067074652,-0.01397831428910179,0.3442334109139198,0.039892972375269814,0.01967365082872132,0.30495673551276503,-139.7175065573523,-28.71712426223223,0,rule_exit
2022-06-23,2022-06-24,bear_call,0,359.2936706542969,374,381,7,2.12157695650198,487.842304349802,94.98551898398445,0.3017811570566923,0.0013005565637069783,-0.07666649778972512,-0.03604261269641418,0.9331298396193035,0.9282644960101158,-0.003531370507995235,0.3470483306151961,0.040931222971231175,0.019482669948659406,0.3030824223574257,-108.56631625411305,-22.25438738832021,0,rule_exit
2022-06-24,2022-06-27,bear_call,0,370.7169189453125,386,393,7,2.212083178833456,478.7916821166544,95.84625554895142,0.3226537177071423,0.06849854150344736,-0.024100852441958698,-0.014105160367515301,0.9650041775042355,0.9267204353018696,0.022914520885636946,0.3710517753632136,0.04122574469535347,0.018882332157687757,0.3160118826904937,12.329734595525025,2.5751772756405087,1,rule_exit
2022-06-27,2022-07-01,bear_call,0,369.3009338378906,384,391,7,2.21380423310988,478.61957668901204,91.32737077223577,0.3135345880572835,0.06212759167406268,0.0012023111975529854,-0.0371108391076167,0.9638368196334224,0.9248723731897741,0.015497958829177483,0.360564776265876,0.03980240723832482,0.018954731381948628,0.3162577475871257,86.38986778553814,18.04979820991962,1,rule_exit
2022-07-08,2022-07-11,bear_call,0,369.37701416015625,384,392,8,2.376342122846351,562.365787715365,95.64719708851966,0.2966783193323715,0.030271850559098423,0.0280643505005167,-0.05075374275482647,0.9833988025217374,0.9111811500413083,0.0121515540978272,0.34118006723222716,0.03958823987218502,0.02165808833067052,0.2970427653557939,41.9807023791401,7.465017128742575,1,rule_exit
2022-09-08,2022-09-09,bear_call,0,380.5057067871094,396,403,7,1.5467048975504387,545.3295102449562,86.6667630977522,0.19805084536080303,0.013158519140654024,-0.03212692412577001,-0.04669153689085814,0.9968415714605883,0.9454761234656422,-0.0002157290572450954,0.22775847216492345,0.04072026499607689,0.018396570340839743,0.22095784250720554,-71.63660968553452,-13.136389712956506,0,rule_exit
2022-10-04,2022-10-05,bear_call,0,360.6836853027344,375,382,7,2.1192046959667765,488.07953040332234,78.75006208260803,0.29254813030202115,0.0401507991568526,-0.015933640015819983,-0.02875765377608197,0.949226038289846,0.9569463168355563,0.018294440729847983,0.3364303498473243,0.03969216041820534,0.019407586994473168,0.3027435279952538,9.620419531373216,1.9710762144487854,1,rule_exit
2022-10-05,2022-10-06,bear_call,0,359.8439025878906,374,381,7,2.0883110590175837,491.16889409824165,95.93896193975885,0.2835577293744938,0.01770445400003462,-0.0007949497430077557,-0.04811953524226109,0.9475966533654874,0.9572515230654163,0.012990738326289941,0.32609138878066785,0.03933955059486328,0.01945287928920867,0.29833015128822626,30.737322255144278,6.257994474909953,1,rule_exit
2022-10-19,2022-10-21,bear_call,0,351.6468200683594,366,373,7,2.049560667654293,495.0439332345708,83.69553364487655,0.2871672796175175,0.03348671669145431,-0.022779550968017648,-0.023556392112837665,0.9473024046112464,0.9473865119537668,0.0066286858276345395,0.3302423715601451,0.04081703320635858,0.019906336700668062,0.2927943810934704,-50.285966717204815,-10.157879602450839,0,rule_exit
2022-10-24,2022-10-25,bear_call,0,361.54248046875,376,383,7,2.1177582346966473,488.2241765303353,81.32889928909724,0.2938507627777513,0.032849913707033496,0.052358341190991586,0.03996569445681941,0.9811907204892635,0.9436124652956424,0.02524296177773966,0.337928377194414,0.03998843929074509,0.019361486901689404,0.30253689067094963,-55.33333936789205,-11.333592646134347,0,rule_exit
2022-10-26,2022-10-27,bear_call,0,364.5484008789063,379,386,7,2.1273838436814154,487.26161563185843,78.56573893517732,0.2927477792820174,0.03668903022651793,0.07140434207885193,0.031009636692223896,0.9938841711623492,0.9410769874755598,0.021175820939226542,0.33665994617432,0.03964247020766427,0.019201839819138918,0.30391197766877365,20.10128499853434,4.125357785974567,1,rule_exit
2023-02-09,2023-02-10,bull_put,1,390.2556457519531,382,363,19,3.4431317479417847,1555.6868252058216,39.821815851152145,0.16776717226311436,-0.02324979052556886,0.005781164700509045,0.02925247964678679,1.030409837355862,1.0103631584838426,-0.0035921690726112843,0.1929322481025815,0.02115445565443638,0.048686034928182485,0.18121746041798867,26.443658511578462,1.6998060331378004,1,rule_exit
2023-02-10,2023-02-16,bull_put,1,391.1663818359375,383,364,19,3.472579154429113,1552.7420845570887,10.497416361519441,0.1676095574447071,-0.01045252912943917,0.005817427643119766,0.02791184510791278,1.0320508433244653,1.0111455344464544,-0.001036761520867624,0.19275099106141313,0.020877003278269024,0.04857268129951146,0.18276732391732176,71.59978897275766,4.611183639888341,1,rule_exit
2023-02-16,2023-02-17,bull_put,1,391.39654541015625,384,364,20,3.670319093648189,1632.9680906351812,18.53422275058891,0.16487595514812498,0.0029234674004645633,-0.020394293129773367,0.050535245153493946,1.030906816707411,1.0128924565201531,-0.004665793207521585,0.1896073484203437,0.018897830082800517,0.05109907134985414,0.18351595468240944,-1.7264081271840155,-0.10572209812823033,0,rule_exit
2023-02-17,2023-02-21,bull_put,1,390.4187622070313,383,363,20,3.43277928310062,1656.722071689938,16.625590470322578,0.15420734272733388,-0.0019112573667431354,-0.012343809022882568,0.028746458398434704,1.0275411017982847,1.0137200577669552,-0.005859524465925858,0.18,0.019002063745843456,0.05122704627959042,0.171638964155031,-276.21821379624106,-16.672574025315235,0,rule_exit
2023-02-21,2023-02-22,bull_put,1,382.5865173339844,375,356,19,3.5032923781877847,1549.6707621812216,0.0,0.16664496831280654,-0.03328246791827616,-0.02620582869244359,-0.0038441083663827147,1.006534985959648,1.0144322856404435,-0.02121115053180389,0.1916417135597275,0.019829547018149665,0.04966196961774708,0.18438380937830445,-11.125419885991278,-0.7179215196866603,0,rule_exit
2023-02-22,2023-02-23,bull_put,1,382.0592956542969,374,355,19,3.373431260849862,1562.6568739150136,0.0,0.1666711068718166,-0.03417024616574815,-0.040101997010813184,-0.004147965253055275,1.0049395336410796,1.0147715457520479,-0.0185341779039635,0.19167177290258908,0.021094358247441415,0.04973050051684121,0.17754901372894008,50.266947794200576,3.21676169818803,1,rule_exit
2023-02-23,2023-02-24,bull_put,1,384.091552734375,376,357,19,3.4160655139944116,1558.393448600559,19.55649661102551,0.16779997705045144,-0.0321757296950802,-0.02432733465387793,0.0007740826166806603,1.009817648042898,1.0153109834886953,-0.010919333275897336,0.19296997360801915,0.021066729212789664,0.049467372725949456,0.17979292178917955,-110.60368485346072,-7.09728887482061,0,rule_exit
2023-03-08,2023-03-09,bull_put,1,382.423583984375,375,356,19,3.2909287770317954,1570.9071222968205,13.04452649578755,0.1461537004653616,0.01058923624692043,0.0009534863677489458,-0.03918674735053351,1.000625130793869,1.0193918868986533,-0.003637107992829347,0.18,0.01941194083019292,0.04968312833127023,0.17320677773851556,-220.97049935215438,-14.066426729867631,0,rule_exit
2023-04-05,2023-04-17,bull_put,1,392.2359313964844,384,365,19,3.710446211748169,1528.955378825183,31.772000645890515,0.1777829452017161,0.01557250144717326,0.03950424215827719,0.025658321879307167,1.0173262177373423,1.0268048040320932,0.00978472473103209,0.20445038698197351,0.020997391460700312,0.048440233235017435,0.19528664272358784,286.2595852230306,18.722559807009308,1,rule_exit
2023-04-06,2023-04-21,bull_put,1,393.7659606933594,386,366,20,3.516882807805127,1648.3117192194873,32.185915131283295,0.16178940657357307,0.013599183899710043,0.04074564066693287,0.049013183515069336,1.0207665970455866,1.0268257247870245,0.0112005186391817,0.186057817559609,0.019722275332496365,0.050791591951684124,0.17584414039025636,283.0162858816447,17.17007059900413,1,rule_exit
2023-04-12,2023-04-25,bull_put,1,392.6689758300781,385,365,20,3.3903983336313117,1660.960166636869,24.092599532966233,0.14217881656471112,-0.0015170108685614858,0.03147127330935251,0.04563697096785835,1.0168592707624526,1.0265976480690424,0.0034915247346589684,0.18,0.019530383865611945,0.05093348655243574,0.16951991668156557,141.01452187234202,8.48994001812035,1,rule_exit
2023-04-20,2023-04-25,bull_put,1,396.3546142578125,388,369,19,3.2022712266190045,1579.7728773380995,10.38276694884243,0.09571585980934873,-0.0038454856750155253,0.010500524127568633,0.05041958153377024,1.0254802551915598,1.0246582625796101,0.001450770803127277,0.18,0.02107863503357164,0.04793687096485087,0.16854059087468445,-126.98328808044755,-8.03807242813366,0,rule_exit
2023-04-21,2023-04-25,bull_put,1,396.6625671386719,389,369,20,3.4380679111468413,1656.193208885316,12.076207800289609,0.09590023461084493,-0.0006301689946244249,0.0073561626307465655,0.04840153485691934,1.0261180369077048,1.02437657449784,0.0018228748508368753,0.18,0.019317595794193173,0.05042068916225228,0.17190339555734208,-163.94321337691275,-9.898797585775217,0,rule_exit
2023-04-24,2023-04-25,bull_put,1,397.0763244628906,389,369,20,3.3315784764240335,1666.8421523575964,24.916502481219638,0.09470430293658183,-0.003164784374979357,0.007372930374777598,0.042653324701315,1.0268260250980885,1.0243662388331296,0.0023452184759067407,0.18,0.0203394762299544,0.05036815032236738,0.16657892382120168,-190.10752938577104,-11.405250888146863,0,rule_exit
2023-04-25,2023-04-26,bull_put,1,390.773193359375,383,363,20,3.340224365259262,1665.977563474074,10.273686954255169,0.1142265182807996,-0.019627725377525995,-0.0088842279392215,0.02418724768957392,1.0105468898990508,1.0240552009944326,-0.011126786017510493,0.18,0.01989182853754857,0.05118058336618545,0.1670112182629631,-42.264310874620946,-2.536907567139554,0,rule_exit
2023-04-26,2023-05-02,bull_put,1,389.1180419921875,381,362,19,3.1827297014547375,1581.727029854526,4.942132793846923,0.11524160187424766,-0.023615262777919144,-0.009043072044039535,0.02214360427345885,1.006612346284664,1.0233788172395806,-0.012565639612006851,0.18,0.020862671775960698,0.0488283706988366,0.16751208955024935,183.79557913077295,11.619930345862327,1,rule_exit
2023-05-03,2023-05-04,bull_put,1,392.6400146484375,385,365,20,3.3979370973879988,1660.2062902612001,0.0,0.1251290154190162,0.009051167707923247,-0.01477784077386557,-0.001590653679665155,1.014247806217356,1.0225010726453647,-0.0073503569015614945,0.18,0.019458064291481413,0.050937243413429534,0.16989685486939993,-76.72655765231019,-4.621507465812505,0,rule_exit
2023-05-04,2023-05-15,bull_put,1,389.8590087890625,382,363,19,3.2587546432244685,1574.124535677553,0.0,0.12732856217791813,-0.01765217878762637,-0.016388368483897242,-0.006059930815005332,1.0066584131535388,1.022682674389496,-0.011797229294461697,0.18,0.020158592239469586,0.048735567401701776,0.17151340227497203,254.9648297888994,16.197246406502043,1,rule_exit
2023-05-16,2023-05-23,bull_put,1,394.7860412597656,387,367,20,3.3830908890701017,1661.69091109299,30.085261057397872,0.1380278349595286,-0.0016546032660356147,-0.0014359759881781287,-0.009560287562767833,1.013536470522659,1.026732683029132,-0.0029240844279869727,0.18,0.01972217972783511,0.05066035246884573,0.16915454445350508,166.13561447069526,9.997985387151108,1,rule_exit
2023-05-23,2023-05-24,bull_put,1,398.4812927246094,391,371,20,3.508284278367088,1649.171572163291,3.1018877533304874,0.14126971971792568,0.009360137083500142,0.007690046504075676,0.01972525110786094,1.0163247292193498,1.0328367592912366,-0.002140997456777982,0.18,0.01877451429013432,0.05019056192889339,0.17541421391835438,-80.80573868031229,-4.899777563732549,0,rule_exit
2023-05-24,2023-06-01,bull_put,1,395.5943298339844,388,368,20,3.4443815865022605,1655.561841349774,2.159862026724255,0.14314447871849684,-0.0099704568307869,-0.004263065017617862,0.01664350439429607,1.0079299930734897,1.0338515251363998,-0.007679775504757069,0.18,0.019197266647303618,0.05055684192539672,0.17221907932511302,264.94960422745953,16.003606607135072,1,rule_exit
2023-05-25,2023-06-02,bull_put,1,399.0201721191406,391,371,20,3.3687819845124674,1663.1218015487534,31.61645008477393,0.12807211201960567,-0.010924759482440871,0.006114593905797605,0.0054316762322332846,1.015321836010555,1.0351024635176964,0.0007474535224327727,0.18,0.020099665830292757,0.050122779241417253,0.16843909922562336,280.98991311525856,16.895329786044027,1,rule_exit
2023-06-07,2023-06-14,bull_put,1,410.47161865234375,402,382,20,3.3792058968819823,1662.079410311802,28.791642529627964,0.11663936092152832,0.0208208896206572,0.030090059801178404,0.03801150026443545,1.032591720729792,1.0466103730639482,0.008589308059397727,0.18,0.02063874398955446,0.048724440597534606,0.1689602948440991,257.23242150649185,15.476542210352976,1,rule_exit
2023-06-21,2023-06-23,bull_put,1,420.1000671386719,412,391,21,3.636388157124905,1736.3611842875096,0.0,0.11904797914458187,-0.0002390855312510709,0.019918275184370504,0.04242127170067267,1.0431933807191773,1.0560676197636272,0.0032468262475950915,0.18,0.019281280276487324,0.049988090082994575,0.17316134081547166,-24.406129851511423,-1.405590615153386,0,rule_exit
2023-06-22,2023-06-23,bull_put,1,421.6165161132813,413,392,21,3.5154986379633404,1748.450136203666,25.780159689545144,0.10816739203304826,0.002176267591907477,0.027151444715053374,0.0580584931113961,1.0455393559351096,1.0568247080882955,0.005612492391816382,0.18,0.020436856204575707,0.04980829544722496,0.16740469704587335,-85.6904727956387,-4.9009388956149875,0,rule_exit
2023-06-23,2023-06-26,bull_put,1,418.4290771484375,410,389,21,3.528920748024341,1747.107925197566,22.08155212101329,0.10856243570770606,-0.017579775924152496,0.013257398983970159,0.05772263551915913,1.0363110259934947,1.0575227082805019,-0.001628755767849821,0.18,0.02014457791958681,0.05018771674070409,0.16804384514401624,-42.74019988902717,-2.446339992659242,0,rule_exit
2023-06-26,2023-06-30,bull_put,1,416.7195434570313,408,388,20,3.384541525368633,1661.5458474631369,23.64492874307126,0.10891401402414203,-0.018249542001784747,0.007310137157282126,0.04435708411404815,1.0311150896632357,1.0579733568209284,-0.004674788487259551,0.18,0.020924248919778333,0.04799390936667753,0.16922707626843164,254.28101444497872,15.303881914135397,1,rule_exit
2023-07-06,2023-07-07,bull_put,1,424.6589965820313,416,395,21,3.5387928925814713,1746.1207107418527,10.989826630530018,0.10148711955792906,0.007493121971008376,0.010852008366508015,0.030986436839825604,1.0408215816375148,1.0634731245243092,0.0015385462249215553,0.18,0.02039047012244011,0.04945144261401144,0.16851394726578434,-24.334713774377008,-1.3936444155706864,0,rule_exit
2023-07-07,2023-07-14,bull_put,1,423.5869140625,415,394,21,3.5456949743638346,1745.4305025636168,0.0,0.10092943305030751,0.0010043148180065575,0.00467343634301387,0.03195177160656382,1.036526697260103,1.0644511492943787,-0.0008100727120310403,0.18,0.02027190590036265,0.04957660235202984,0.16884261782684926,267.56859265862636,15.329661780611293,1,rule_exit
2023-07-10,2023-07-17,bull_put,1,424.6589965820313,416,395,21,3.5387928925814713,1746.1207107418527,19.50734649001116,0.09963389524349506,-0.00816661560868781,0.014888830088124472,0.02834361623297732,1.0373457581367285,1.0654959211307644,0.0014058837400368063,0.18,0.02039047012244011,0.04945144261401144,0.16851394726578434,271.4106200767387,15.543634435297882,1,rule_exit
2023-07-21,2023-08-02,bull_put,1,436.75189208984375,428,406,22,3.6996173653700417,1830.038263462996,25.06291601006656,0.0927190434568614,0.006454777073020113,0.031079756220706356,0.035898441825974015,1.0489926064430803,1.0730518239571054,0.005930827287925489,0.18,0.02003858998289905,0.05037184817844911,0.16816442569863826,124.3415233345585,6.7944766957640566,1,rule_exit
2023-07-27,2023-08-02,bull_put,1,437.0512390136719,428,406,22,3.6234507479848768,1837.6549252015125,30.253854517062535,0.08320906481986107,0.000685393536352441,0.006517525315281381,0.03689341518548028,1.041297121110601,1.0771041305042812,0.0007850816509671343,0.18,0.02070978916361963,0.050337347285982166,0.1647023067265853,4.261419946041542,0.23189445894333216,1,rule_exit
2023-08-02,2023-08-03,bull_put,1,434.7717590332031,426,404,22,3.671568366849541,1832.8431633150458,10.198722103899058,0.0976341176089666,-0.011811085338852778,-0.0111381433655936,0.01579666157387516,1.0280990181459502,1.0799100197240699,-0.007609781622845868,0.18,0.020175549241534876,0.0506012627152259,0.16688947122043368,-29.297074789247972,-1.5984496314599355,0,rule_exit
2023-08-03,2023-08-04,bull_put,1,433.5257873535156,425,403,22,3.7233974815292994,1827.66025184707,0.0,0.09330641762011252,-0.008066449298055778,-0.007386584453913492,0.020879790238404805,1.023675027254468,1.0801964940165047,-0.008569380307705265,0.18,0.019666159666214572,0.050746692911395955,0.1692453400695136,-50.540019060221766,-2.7652852333547777,0,rule_exit
2023-08-04,2023-08-07,bull_put,1,431.5650939941406,423,401,22,3.6901517825464287,1830.984821745357,0.0,0.09458257100887009,-0.022126530649500764,-0.011875845736773916,0.01883481209351867,1.0174556107058235,1.0807605686230108,-0.010705373683293273,0.18,0.019846586559794648,0.05097724608908869,0.1677341719339286,95.73201708155057,5.228444056149824,1,rule_exit
2023-08-10,2023-08-11,bull_put,1,430.6957702636719,422,401,21,3.5970336161631904,1740.2966383836808,3.1244214605729326,0.0931858007081385,-0.006527909463286519,-0.014541701710634403,-0.008118952304379312,1.009368183922776,1.0828340282577744,-0.007500647648008507,0.18,0.020190052617299507,0.048758314917148604,0.17128731505539002,-2.3167905504697046,-0.13312618661502723,0,rule_exit
2023-08-11,2023-08-14,bull_put,1,430.4446411132813,422,400,22,3.709817006163188,1829.018299383681,4.677568366592837,0.09318460355384124,-0.0025962546472179104,-0.02466533918869307,-0.008079705754712951,1.0074411800704266,1.083325542122243,-0.00662010366796284,0.18,0.01961841386023646,0.05110994050965592,0.16862804573469037,64.52274307293379,3.527725397535707,1,rule_exit
2023-09-05,2023-09-06,bull_put,1,433.912109375,425,404,21,3.5763272366921917,1742.367276330781,24.347738490984185,0.11789202660653945,0.014635193427064985,0.022533676315429352,-0.003261628722522114,1.0069036565329679,1.0791998230337836,0.005356661428712162,0.18,0.020538973636474122,0.04839689777325657,0.17030129698534247,-76.19802588071701,-4.3732470711445535,0,rule_exit
2023-11-09,2023-11-15,bull_put,1,420.51568603515625,412,391,21,3.529682362812421,1747.0317637187577,31.388299388679485,0.15418150282853657,0.007150170389029542,0.05160588748458106,0.000415065159131478,1.0028877987268658,1.0243853268506136,0.007396215784579496,0.18,0.020250578796350335,0.04993868409047729,0.1680801125148772,288.2847045658981,16.501400292359367,1,rule_exit
2023-11-29,2023-12-11,bull_put,1,440.6477661132813,432,410,22,3.772038282323367,1822.796171767663,28.30356789292361,0.11500869267042442,0.0029561867684335663,0.013103628669104639,0.08706350294409138,1.0475371589754192,1.0204320228848518,0.006369066659410283,0.18,0.019625121873551372,0.04992649842310618,0.17145628556015305,298.7149315701664,16.387730904684013,1,rule_exit
2023-12-06,2023-12-13,bull_put,1,440.7932434082031,432,410,22,3.73471885679198,1826.5281143208022,0.0,0.10212222059195367,0.000330144178886993,0.00328730691517376,0.040807479504926025,1.0418815731670352,1.0231258435400192,7.806185857184289e-05,0.18,0.019948680111822884,0.049910020920231245,0.1697599480359991,319.6109668049116,17.498277978806776,1,rule_exit
2024-01-02,2024-01-03,bull_put,1,459.9912414550781,451,428,23,3.9490316877880836,1905.0968312211917,4.264536503806951,0.09765689076021607,-0.002111237803033683,0.007074041991392388,0.033688395712533126,1.0530463062786233,1.0397729872766586,-0.0001580941047186757,0.18,0.01954654924871258,0.0500009520338794,0.1716970299038297,-104.23414934192033,-5.471330781391562,0,rule_exit
2024-01-03,2024-01-04,bull_put,1,456.2345886230469,447,424,23,3.8408616943629887,1915.9138305637011,0.0,0.10089620922240042,-0.014422430347194704,-0.006737753737931174,0.030656844633283775,1.0421568817690883,1.0410542374779357,-0.006820536219786955,0.18,0.020240877945965508,0.05041266176116956,0.16699398671143428,-35.10922804660805,-1.8325055901015235,0,rule_exit
2024-01-04,2024-01-05,bull_put,1,454.7649841308594,446,423,23,3.950525265570105,1904.9474734429896,0.0,0.10214613317200448,-0.01937018009237912,-0.01592119729791608,0.027539322236927788,1.0365638750597648,1.0423596975915466,-0.008212919616392478,0.18,0.01927365658464425,0.050575573763572156,0.17176196806826544,21.14437960689105,1.1099717919610055,1,rule_exit
2024-01-05,2024-01-17,bull_put,1,455.3878784179688,446,424,22,3.742316997736789,1825.7683002263211,10.649309994000802,0.1001324027180202,-0.018397720432192566,-0.0007261772153660528,0.0331099335754792,1.0358696017691205,1.0436004113807886,-0.005615195017981023,0.18,0.020615125836424497,0.04831046464484005,0.17010531807894494,232.9415629403869,12.758550080616013,1,rule_exit
2024-01-16,2024-01-17,bull_put,1,462.2101135253906,453,430,23,3.9155927905440704,1908.4407209455928,14.409146925922684,0.09932489383469738,0.0006952676737597141,-0.0007995213031952719,0.010265678570952064,1.034628826500928,1.0543526162811308,0.0017343755230903035,0.18,0.019926248378995464,0.049760918956474845,0.17024316480626392,-67.06240829408483,-3.5139895915057187,0,rule_exit
2024-01-17,2024-01-24,bull_put,1,459.640869140625,450,427,23,3.7724237500405846,1922.7576249959416,6.991051082574259,0.10141039853395897,-0.0033552323924411764,-0.0007616934473465564,0.006306960292614905,1.0269417004648618,1.0554540579160074,-0.003138992630158821,0.18,0.020974786595130687,0.05003906646291554,0.16401842391480803,300.71252309869294,15.639647930109113,1,rule_exit
2024-01-31,2024-02-07,bull_put,1,469.9472961425781,461,437,24,4.123745394588137,1987.6254605411862,31.510142018983828,0.11210372590430359,-0.005170978280896299,0.02242278198895309,0.021644009255494145,1.029242320296532,1.066914664186683,-0.004028496432701423,0.18,0.019038935250866067,0.05106955651622389,0.1718227247745057,340.88243763020046,17.150235011448572,1,rule_exit
2024-02-13,2024-02-20,bull_put,1,480.8472595214844,471,447,24,4.006378849333081,1999.3621150666918,28.80007024101448,0.12385420246237229,0.0002024348809075427,0.006498314816392625,0.040321804847461395,1.0358832195745564,1.0748554317254713,-0.0017522646196017622,0.18,0.020478976070870996,0.04991189930849065,0.16693245205554505,135.8885043135224,6.796592937792544,1,rule_exit
2024-02-14,2024-02-20,bull_put,1,485.2170104980469,476,451,25,4.273945114299552,2072.605488570045,38.6737466441231,0.12289518922364565,0.0009435552150720561,0.032492397510967,0.055643749445606794,1.0434887786623994,1.0756597936664445,0.005980656142694274,0.18,0.01899564586284012,0.05152333792737184,0.1709578045719821,0.12411894077553143,0.005988546371223061,1,rule_exit
2024-02-20,2024-02-29,bull_put,1,483.45550537109375,474,450,24,4.140366196116656,1985.9633803883344,39.5859719771516,0.12156161700362794,-0.008423462363064793,0.008547385086121517,0.02753121308961748,1.0338257604217949,1.0784006798165133,-0.0008367332841423547,0.18,0.019558170847254776,0.049642624260898494,0.17251525817152732,339.44890677511603,17.092405133308162,1,rule_exit
2024-02-21,2024-02-29,bull_put,1,483.8934631347656,474,450,24,4.0287955886097935,1997.1204411390208,7.8948381808479695,0.12143550793264375,0.006335075334135576,0.006538792655263803,0.025471381397926374,1.0330067251253372,1.0790634232555314,5.5962332034198425e-05,0.18,0.02044553995557958,0.04959769417946432,0.1678664828587414,309.61983205725437,15.50331295395827,1,rule_exit
2024-02-28,2024-03-12,bull_put,1,492.7010192871094,483,458,25,4.228388160885277,2077.161183911472,27.089037691689796,0.13852314667098262,0.01820143652135031,0.02465181932703797,0.0313103294262147,1.042489845087681,1.0826855217853635,0.005965446282273801,0.18,0.019689464619224474,0.05074071094103393,0.1691355264354111,376.7869561286825,18.13951459554816,1,rule_exit
2024-03-06,2024-03-15,bull_put,1,496.09759521484375,486,461,25,4.1610490548967025,2083.8950945103297,31.189563774607365,0.12095881716124778,0.006893787093537718,0.025220700443062682,0.03192440602914437,1.0413964313734956,1.0851964114757353,0.004492231935172786,0.18,0.020354049913245013,0.05039331018964789,0.1664419621958681,201.96026719439925,9.691479562787471,1,rule_exit
2024-03-15,2024-03-26,bull_put,1,497.7170715332031,488,463,25,4.281595475063837,2071.8404524936163,0.0,0.11616565527510427,-0.0005978326177745741,-0.002799880281149747,0.018732678813609294,1.0330752329069657,1.0889118924845629,-0.0016429786189303686,0.18,0.01952328358613452,0.050229339980218515,0.1712638190025535,323.94655281679695,15.635690114405424,1,rule_exit
2024-03-26,2024-04-02,bull_put,1,506.4836730957031,496,471,25,4.177367211539935,2082.2632788460064,0.0,0.0946839904259303,0.006010925550028023,0.00704725564728248,0.026614984330882052,1.0374792472982013,1.0949901057418892,0.003133667593160361,0.18,0.020698935923492586,0.049359932665146544,0.16709468846159742,77.7114127170052,3.7320646964524578,1,rule_exit
2024-04-02,2024-04-03,bull_put,1,506.5130615234375,496,471,25,4.1700071065951985,2082.99928934048,0.0,0.096936940539368,-0.001789180106366861,0.01166022120646315,0.015912768739985372,1.029837139507099,1.0986749067989845,-0.0013475933092222947,0.18,0.0207557560150915,0.04935706874923934,0.16680028426380794,19.94230188174498,0.9573839983430393,1,rule_exit
2024-04-03,2024-04-04,bull_put,1,507.0694580078125,497,472,25,4.293322256947556,2070.6677743052446,11.874043440033873,0.08814103174634975,0.0011565721527191375,0.007174449771850444,0.027295687005086666,1.0294376551649087,1.0993121855366221,-0.00020503722719755757,0.18,0.01985814339395168,0.04930291029205475,0.17173289027790226,-178.84850194844643,-8.637237907875111,0,rule_exit
2024-04-04,2024-04-10,bull_put,1,500.880126953125,491,466,25,4.273783908101983,2072.621609189802,5.5713438819725525,0.09914908025105798,-0.019305288764318584,-0.014236739243766339,0.009640304215161821,1.0156760523284967,1.099669198297921,-0.010175460878041442,0.18,0.0197255319615618,0.04991214195715062,0.17095135632407932,102.68939824682963,4.954565647270822,1,rule_exit
2024-04-10,2024-04-12,bull_put,1,501.9051208496094,492,467,25,4.278738184177339,2072.1261815822663,14.612987839620558,0.09676951863360093,-0.010184674065152555,-0.009039881222841717,-0.0020563319295576754,1.0127609368136592,1.1009303188871742,-0.007060457775034279,0.18,0.019735046402480003,0.04981021105678455,0.17114952736709355,-63.52438706660098,-3.0656621025894304,0,rule_exit
2024-04-12,2024-04-15,bull_put,1,498.7128601074219,489,464,25,4.294103611083255,2070.5896388916744,23.90651573896983,0.11203250191758886,-0.014621114036501015,-0.023361993524907088,-0.004879625788791531,1.0040214215199348,1.1014144914111497,-0.011034433011358646,0.18,0.019475856518578128,0.050129046190256744,0.17176414444333019,-184.03274478163002,-8.887939035575263,0,rule_exit
2024-05-23,2024-05-29,bull_put,1,513.4638671875,503,478,25,4.261026927216271,2073.897307278373,19.402219049485367,0.10924529336175881,-0.005163632089232872,0.0111310336969479,0.04462859094523974,1.0205252019317974,1.0917230076389601,-0.00011508028963336248,0.18,0.02037897475593729,0.04868891775566912,0.17044107708865083,55.06082878287725,2.6549448031800065,1,rule_exit
2024-05-24,2024-05-29,bull_put,1,516.8611450195312,507,481,26,4.51047265557422,2148.9527344425783,39.18905598738312,0.10717576185895974,-1.9011824410108957e-05,0.016511577658540055,0.04167145633016989,1.026636572743558,1.09138237941666,0.005312352669862408,0.18,0.01907890564913448,0.05030364586414695,0.17347971752208538,-66.2698228873789,-3.0838194728637793,0,rule_exit
2024-05-30,2024-06-07,bull_put,1,510.1934509277344,500,474,26,4.343791155737999,2165.6208844262,4.888442908289036,0.09457910661961665,-0.013627070507589156,-0.013533830771029987,0.044488877967938434,1.011818270905274,1.0901612253224318,-0.006848942971084959,0.18,0.019979580116519787,0.050961061833940974,0.16706889060530766,333.03998115916136,15.378498773916432,1,rule_exit
2024-05-31,2024-06-11,bull_put,1,514.8403930664062,505,479,26,4.492997616995487,2150.700238300451,39.79942288994135,0.09433660367966817,0.002680862212264712,-0.0024966128631143114,0.04423506732384053,1.0207617754518465,1.089426771338011,0.0017967229644280103,0.18,0.01911348293360695,0.05050108800737865,0.17280760065367257,342.27938553167166,15.914788097208344,1,rule_exit
2024-06-21,2024-07-05,bull_put,1,533.2880859375,523,496,27,4.6314053711193335,2236.8594628880664,38.46939128629269,0.08438618158965437,0.00703614333410485,0.021708549341853622,0.031022508487824396,1.0461886347103686,1.0849092605487076,0.006936982769519373,0.18,0.01929179782708616,0.05062929533206247,0.171533532263679,402.9807086565017,18.015468353841193,1,rule_exit
2024-06-24,2024-07-05,bull_put,1,531.5545043945312,521,494,27,4.539277908430632,2246.0722091569364,0.0,0.07985517757019034,0.0031520600293217793,0.019626995645183776,0.0352325418848316,1.0417307145763435,1.0848491827297855,0.002995570143354609,0.18,0.019855921278577802,0.05079441482817351,0.16812140401594936,389.7622624266981,17.353060192708384,1,rule_exit
2024-07-17,2024-07-18,bull_put,1,545.4618530273438,535,507,28,4.772085040689349,2322.791495931065,38.07672255436504,0.08876691888328264,-0.007802930323302815,0.01444412913185622,0.021269906933372384,1.0365857819327813,1.0969349840447016,-0.00047570274625829967,0.18,0.019179806927432014,0.05133264561875122,0.1704316085960482,-117.17610666029321,-5.044624404108405,0,rule_exit
2024-07-18,2024-07-19,bull_put,1,541.2699584960938,530,503,27,4.460264525682104,2253.97354743179,21.442444282148628,0.09379533425735673,-0.006864800201938137,0.0021757472159860125,0.010853130069202521,1.0271761339948227,1.0970252354778938,-0.006683890712329443,0.18,0.020821326436455245,0.04988268714380322,0.1651949824326705,-93.51910234526093,-4.149077190893298,0,rule_exit
2024-07-19,2024-07-22,bull_put,1,537.6757202148438,527,500,27,4.576946217009115,2242.3053782990883,0.0,0.09660345229262793,-0.019643129795628433,-0.010186809103565952,0.00687600581544201,1.0190857682999948,1.0969817638270238,-0.010891660501531342,0.18,0.01985531392523724,0.05021614141179999,0.16951652655589314,136.96479746376394,6.108213394540366,1,rule_exit
2024-07-24,2024-07-25,bull_put,1,530.0756225585938,519,493,26,4.336987945806253,2166.3012054193746,29.66449353941026,0.13128813738258405,-0.028207711287884907,-0.035790538805428485,-0.006607700496664148,1.00109541320614,1.0965339866054509,-0.020028578039884337,0.18,0.02089441975304093,0.04904960517614824,0.16680722868485587,-68.92645101168193,-3.181757497029987,0,rule_exit
2024-07-26,2024-07-29,bull_put,1,533.219482421875,523,496,27,4.649312793502897,2235.0687206497105,28.177545326942223,0.13865461648190486,-0.008287965450975099,-0.02776829366550826,-0.0035324694048456395,1.0054707381824721,1.0956829661796026,-0.007942797181165195,0.18,0.01916562083489197,0.05063580924944153,0.17219677012973694,14.122665683474963,0.6318671794292596,1,rule_exit
2024-08-22,2024-09-03,bull_put,1,544.7566528320312,534,507,27,6.222491994438545,2077.7508005561454,26.555819886912147,0.20547239951643007,0.005695259663118346,0.04818608691097537,0.0330788512493998,1.017578120878249,1.0810494347601423,0.009233508649094668,0.23629325944389457,0.019745794339748848,0.049563414892934046,0.23046266646068683,219.28104838529413,10.553770371624923,1,rule_exit
2024-08-28,2024-09-03,bull_put,1,546.7938842773438,536,509,27,6.032273841357669,2096.772615864233,14.33777447657954,0.19843262705300616,-0.004138219441794488,0.026758593530896713,0.013598146469462336,1.0185482330036464,1.0785441561414064,0.0036730935616393623,0.22819752111095706,0.019740316392911406,0.04937875271901379,0.22341754967991367,5.6907701722406046,0.27140616627592795,1,rule_exit
2024-08-29,2024-09-03,bull_put,1,546.8426513671875,536,509,27,5.7816614021395525,2121.8338597860447,20.092265860104177,0.19051959102989482,0.003829230031999975,0.009546298154460509,0.028249615932935734,1.0182072348651334,1.0777050177786807,0.0030763932629274127,0.21909752968437904,0.019827735345952384,0.049374349152349416,0.2141356074866501,-43.70237137343827,-2.0596509557937304,0,rule_exit
2024-09-03,2024-09-04,bull_put,1,540.7021484375,530,503,27,4.657452564392216,2234.2547435607785,31.684167642341478,0.1579808962618446,-0.01553159165281548,-0.013455585498431955,0.06706888035967484,1.005819650116738,1.0762313826436594,-0.00857730846305671,0.1816780307011213,0.019793056987893708,0.04993507068174881,0.17249824312563763,-22.139704018041357,-0.990921204569397,0,rule_exit
2024-09-04,2024-09-05,bull_put,1,539.5952758789062,529,502,27,4.653918601089576,2234.6081398910424,29.513072944164364,0.15744093746888937,-0.018893836309276435,-0.013871585658547292,0.05515644000238473,1.0034604487992016,1.0754367054212552,-0.008695102151313527,0.18105707808922278,0.019635597924107843,0.05003750256341983,0.17236735559591024,-26.61827976779591,-1.1911833351280015,0,rule_exit
2024-09-05,2024-09-06,bull_put,1,538.2828979492188,528,501,27,4.690000445459643,2230.999955454036,0.0,0.15476807781809201,-0.015565255158940472,-0.019639062159219733,0.059672925272632904,1.0008456173114013,1.0745292521285732,-0.0091052006401936,0.18,0.01910314815572839,0.05015949810567298,0.173703720202209,-281.4502159472184,-12.61542902585759,0,rule_exit
2024-09-18,2024-09-26,bull_put,1,549.8299560546875,539,511,28,4.722307563294205,2327.7692436705797,38.82661796598561,0.13592338183470085,0.012589683637592719,0.018967327241905085,0.004832634678807901,1.0204296936400898,1.0665858218261342,0.006095693632515609,0.18,0.01969691890270585,0.05092483538167762,0.1686538415462216,365.7062645357559,15.710589248919115,1,rule_exit
2024-10-01,2024-10-03,bull_put,1,558.6093139648438,547,520,27,4.566995025345506,2243.3004974654496,27.72416490533965,0.11660005929209849,-0.004691045764122492,0.012954207710257126,0.033118354678432826,1.0317359016814194,1.0609336268312568,0.0003342029172825889,0.18,0.02078252845883337,0.0483343176080649,0.1691479639016854,9.863366587360247,0.43968102349659277,1,rule_exit
2024-10-02,2024-10-03,bull_put,1,558.8450317382812,548,520,28,4.821681763744999,2317.8318236255004,32.985022640195055,0.11588722360076116,-0.002070165690638559,0.01639611589787049,0.03567443363550682,1.0315433788951187,1.0605265083318056,0.000618719286919811,0.18,0.019406152193118545,0.0501033352894027,0.17220292013374996,-21.813919095527297,-0.9411346791074107,0,rule_exit
2024-10-03,2024-10-07,bull_put,1,557.8233032226562,547,519,28,4.815898088853737,2318.4101911146263,3.737395242611342,0.11561565470729854,-0.0078281614931619,-0.002484136615726218,0.0363013674554471,1.028603761666117,1.0605637682816182,-0.000990789068689546,0.18,0.01940274484792563,0.050195106296632694,0.17199636031620488,30.156547111633074,1.3007425186107666,1,rule_exit
2024-10-17,2024-10-23,bull_put,1,572.0975341796875,561,532,29,4.953618048801626,2404.6381951198373,36.14621017494189,0.08921344698962837,0.010796027620869841,0.025589162149673772,0.023041458559285966,1.0384681747372582,1.0662921262109084,0.007172118989135834,0.18,0.01939797589863746,0.05069065721736098,0.17081441547591816,-37.399094058924845,-1.5552898616858668,0,rule_exit
2024-10-23,2024-10-24,bull_put,1,567.8142700195312,556,528,28,4.665916081431714,2333.4083918568285,0.0,0.0960546473287688,-0.0074018062741812995,0.001472540177557491,0.013946207299290414,1.023497774566204,1.0690269256451055,-0.003846989797102629,0.18,0.020806574690567167,0.04931189911630237,0.16663986005113265,37.624067729156934,1.6124081776879733,1,rule_exit
2024-10-24,2024-10-25,bull_put,1,569.0423583984375,558,529,29,4.933418309544069,2406.658169045593,18.143208807855657,0.09545606826021638,-0.005340305802280287,0.005398067729644351,0.012126599334786992,1.0243635831165538,1.0693223608394598,-0.0013851789725080055,0.18,0.019405160679981853,0.05096281422989342,0.17011787274289894,1.1155867895133156,0.04635418539541589,1,rule_exit
2024-10-25,2024-10-30,bull_put,1,568.845947265625,557,529,28,4.66929031284171,2333.070968715829,18.437812130597734,0.0952185151823014,-0.009493586132868548,-0.0009316447598117783,0.013246608440326213,1.0230091451738221,1.0692874135874726,-0.0014157866789494822,0.18,0.0208245260822672,0.04922246547521816,0.16676036831577537,81.91211930184977,3.5109141727881474,1,rule_exit
2024-10-31,2024-11-01,bull_put,1,558.62890625,547,520,27,4.562140744379084,2243.7859255620915,6.68091457437319,0.11506761332529622,-0.018299959563196744,-0.023542537985240086,0.0014441903425146396,1.0016322338587034,1.0681669345789568,-0.016486252232179588,0.18,0.020816871665419658,0.048332622422365024,0.16896817571774386,63.86970173497144,2.8465149463388055,1,rule_exit
2024-11-01,2024-11-04,bull_put,1,560.9866333007812,550,522,28,4.807894826275075,2319.2105173724926,15.453763526893752,0.1112579320842827,-0.013816243224765046,-0.023178663662546617,-0.003385983220044353,1.005274600070631,1.0677941143465408,-0.010115182217981245,0.18,0.019584483209764116,0.04991206267295746,0.1717105295098241,-26.767509682926118,-1.154164724694845,0,rule_exit
2024-11-04,2024-11-06,bull_put,1,559.7783813476562,549,521,28,4.850353982566131,2314.964601743387,16.000016567880678,0.10654128621422697,-0.018972845874467903,-0.023679324630404452,0.0035401909716048507,1.0027775974075885,1.067225783446945,-0.010042794596612614,0.18,0.019254729562273365,0.050019795213581686,0.17322692794879038,380.07677710500036,16.418254379300947,1,rule_exit
2024-11-13,2024-11-15,bull_put,1,586.6763305664062,575,546,29,4.964174576179982,2403.582542382002,31.61717679305619,0.13402548364586322,0.010405316111920415,0.029620327902427412,0.025571030474234924,1.0414091454412333,1.0692342973156712,0.011363921333023885,0.18,0.01990250834754718,0.04943100392681936,0.1711784336613787,-328.4281552885404,-13.6641096986443,0,rule_exit
2024-11-14,2024-11-15,bull_put,1,582.9039306640625,571,542,29,4.861067228933607,2413.8932771066393,4.841670729051074,0.1367740597793435,-0.0037944338151062462,0.04345465145550276,0.018889080687736204,1.0330762253066736,1.0697813499089588,0.00397344828137447,0.18,0.020421771132167813,0.04975090829626468,0.16762300789426232,-215.20325338229424,-8.915193369287765,0,rule_exit
2024-11-15,2024-11-18,bull_put,1,575.437744140625,564,535,29,4.900054748553773,2409.994525144623,2.472444531543786,0.14467896091372973,-0.02079609679939165,0.025760169640433483,0.0019844196699010386,1.0181760846164292,1.0705256197214266,-0.007282171266691617,0.18,0.01987659700304583,0.050396416111545515,0.16896740512254388,66.48209596604829,2.7585994603891777,1,rule_exit
2024-11-18,2024-11-26,bull_put,1,577.7954711914062,566,537,29,4.831553514744589,2416.8446485255413,17.340928883741398,0.14517564612128234,-0.01771997042763196,0.03218611229746715,0.007744642265380186,1.0208072557504688,1.0711603698410588,-0.0026317741015277063,0.18,0.020414613439396042,0.05019077068950091,0.16660529361188237,368.139287197195,15.232227997020326,1,rule_exit
2024-11-19,2024-11-29,bull_put,1,579.9075927734375,568,539,29,4.825987141348976,2417.4012858651026,37.44835344651258,0.1455698546507517,-0.011057163320456809,0.023582391748085962,0.01196599075563931,1.0230051436522294,1.0717465346957664,0.0008295558978763662,0.18,0.020533603839344185,0.05000796740961095,0.1664133497016888,387.9791397046564,16.049430517524208,1,rule_exit
2024-12-09,2024-12-10,bull_put,1,594.0344848632812,582,552,30,5.000557408964028,2499.9442591035972,21.78057046032194,0.07640709342838124,0.0017396479266313936,0.015398539290030877,0.010849378819573818,1.031171559549959,1.0753962461022142,0.0027170853491014224,0.18,0.020258899390413372,0.05050211858812302,0.16668524696546758,-43.21970941038808,-1.7288269229604876,0,rule_exit
2024-12-10,2024-12-17,bull_put,1,592.1875610351562,580,551,29,4.891390420382405,2410.8609579617596,18.66906039456167,0.07747651981068215,-0.001838015354928002,0.008819580147933381,0.006747272986679542,1.0269483871103222,1.0754600738705977,-0.00032769035047131023,0.18,0.020580575880135236,0.04897097120599324,0.16866863518560016,157.40306270076428,6.528914999471362,1,rule_exit
2024-12-20,2024-12-23,bull_put,1,582.697265625,571,542,29,4.91351809214589,2408.6481907854113,27.902108923276955,0.13305402932046656,-0.01832208134500679,-0.02413636498842542,-0.0008934169393819413,1.0029697254448497,1.0761060083318132,-0.007209858857784468,0.18,0.020074344458187107,0.049768553433822374,0.16943165834985827,92.58693709740203,3.8439377511255106,1,rule_exit
2025-01-27,2025-02-03,bull_put,1,590.7997436523438,579,549,30,5.026229645822942,2497.377035417706,24.17815530467506,0.14594762329235797,0.002995309383016176,0.03252425983140261,-0.0032096120301136066,1.0065404342128275,1.0696346430466797,-0.00035668665918653364,0.18,0.0199724928440174,0.05077862731378148,0.16754098819409804,81.79810836871428,3.2753607968943665,1,rule_exit
2025-01-28,2025-02-03,bull_put,1,595.8760986328125,584,554,30,5.0640520307363674,2493.5947969263634,33.16175180619129,0.14919420721900295,0.002437701334200293,0.03978394108777761,0.005288279012553909,1.0148609943412643,1.069064962028844,0.0067256907857276005,0.18,0.019930483300238434,0.05034603681676857,0.1688017343578789,-109.3921461167709,-4.38692550416006,0,rule_exit
2025-01-29,2025-02-03,bull_put,1,593.2048950195312,581,552,29,4.898279712301914,2410.1720287698085,31.288112766765863,0.14485355140776848,-0.007634594027001285,0.033700481057113096,0.011428572617901755,1.0100869335815863,1.0684514723908016,0.0018096821273860808,0.18,0.020574501528901584,0.048886987014908526,0.16890619697592807,-51.05843873379746,-2.1184561983261636,0,rule_exit
2025-01-31,2025-02-03,bull_put,1,593.2146606445312,581,552,29,4.895837077917209,2410.416292208279,35.26151058953958,0.13943830721661304,-0.010115648440961245,0.017206278795657726,0.026856433237626653,1.0090293279366884,1.0676618432115608,0.0004245012136572246,0.18,0.02059062503826178,0.048886182227005866,0.1688219682040417,-103.79111907788587,-4.305941650551932,0,rule_exit
2025-02-03,2025-02-07,bull_put,1,589.2225952148438,577,548,29,4.848857295363231,2415.114270463677,30.761337500737156,0.1417954663430581,-0.002669514424210817,0.00031779893720251806,0.022458272420541103,1.0018495598605521,1.067130623491012,-0.0051669363357436104,0.18,0.02074359556830491,0.04921739294370738,0.1672019757021804,160.00583945787184,6.625187114941456,1,rule_exit
2025-02-04,2025-02-07,bull_put,1,593.1752319335938,581,552,29,4.905704234968684,2409.4295765031316,35.54960256466558,0.13705354201285366,-0.004532597809201677,-0.002105945594728431,0.016606151301210348,1.0081153521158404,1.0666007361571719,0.0012323563871530219,0.18,0.020525523113811964,0.048889431720653104,0.16916221499892012,33.91413150056718,1.4075585288443107,1,rule_exit
2025-02-21,2025-02-24,bull_put,1,591.361572265625,580,550,30,5.151405803927509,2484.859419607249,9.979359855132785,0.11758846036961691,-0.016056203261652136,-0.010522368381546299,-0.016088477486611574,1.0018685718679856,1.0577685967582795,-0.011049093988441894,0.18,0.019212564357363522,0.05073038460220534,0.17171352679758364,-69.6314337662044,-2.8022282957645217,0,rule_exit
2025-07-15,2025-07-24,bull_put,1,616.9072875976562,605,574,31,5.344581599998461,2565.5418400001536,19.63636363636364,0.09033522179385445,0.002901619203335315,0.006943414301644246,0.04519134748532916,1.0434063531656996,1.0255521928757731,0.0019141362007746299,0.18,0.019301583620490673,0.05025066265746246,0.17240585806446648,419.1374041590476,16.337188410812374,1,rule_exit
2025-07-30,2025-07-31,bull_put,1,629.1236572265625,617,585,32,5.474423010201197,2652.5576989798806,0.0,0.06634230498133079,0.00039413787604813955,0.016404567506803858,0.027216002768060132,1.041473674394566,1.0413165433755025,0.003280598159972836,0.18,0.01927070630280953,0.050864404211199504,0.1710757190687874,-59.084274464073474,-2.227445400595662,0,rule_exit
2025-07-31,2025-08-01,bull_put,1,626.7637329101562,614,583,31,5.227549433073001,2577.2450566927,0.0,0.0675789349153545,-0.0036883015979956024,0.006432845342288163,0.01874453184454339,1.0362407552275066,1.042103357037745,-0.00039508338311733393,0.18,0.020364504581163876,0.04946042403580443,0.16863062687332261,-307.71676731265575,-11.93975584562918,0,rule_exit
2025-08-01,2025-08-05,bull_put,1,616.49072265625,604,573,31,5.183002416805888,2581.699758319411,0.0,0.08671321672156267,-0.024140781484711993,-0.009337581362029113,-0.005789024683256261,1.0182339880450677,1.0427263026510374,-0.013770422400446458,0.18,0.020261006690306223,0.05028461720629223,0.167193626348577,178.9048881573645,6.929732536901378,1,rule_exit
2025-08-18,2025-08-20,bull_put,1,637.8892822265625,625,593,32,5.368651983112462,2663.1348016887537,3.506119510439163,0.10717067594002821,0.011605240434366282,0.019218340819599167,0.023108585791592695,1.0347831024427092,1.05554955706435,0.005542607793985743,0.18,0.020206143269208506,0.05016544546461652,0.16777037447226445,-112.34927628905336,-4.218685295908046,0,rule_exit
2025-08-19,2025-08-20,bull_put,1,634.4286499023438,622,590,32,5.452604348447414,2654.7395651552583,0.0,0.10966812254569816,-0.004481256061882877,0.0188545070472097,0.01741247538438251,1.0277661496119908,1.0564216937229813,7.151479364297941e-05,0.18,0.01959030366024117,0.050439084056064766,0.1703938858889817,-38.99618720712738,-1.4689270359688464,0,rule_exit
2025-08-20,2025-08-21,bull_put,1,632.742919921875,620,588,32,5.348741831520962,2665.125816847904,0.0,0.106492040685217,-0.010513495739719603,0.008423126712260753,0.006149269068834062,1.0237132275307326,1.0572165683959858,-0.0021166159851987443,0.18,0.0201391742533419,0.050573461974021065,0.16714818223503006,-62.395937025103194,-2.341200427786936,0,rule_exit
2025-08-21,2025-09-02,bull_put,1,630.2044677734375,618,586,32,5.464856098307473,2653.5143901692527,0.0,0.10760036704039459,-0.014574750257301372,0.005219508400640782,0.0017811348345653233,1.0184870963051815,1.0577308245417376,-0.005012807026787636,0.18,0.019365885831556948,0.05077717096017828,0.17077675307210854,314.8461713162586,11.865252077874594,1,rule_exit
2025-09-02,2025-09-11,bull_put,1,634.884765625,622,590,32,5.335456992537623,2666.4543007462375,20.932077509958816,0.0965715742181226,-0.003424224107760221,-0.0047100910538505625,0.014417729630584297,1.0153001321370123,1.0648635816303742,-0.004423201321816617,0.18,0.020294652388320962,0.05040284746555262,0.16673303101680073,462.4601142069876,17.343635481679282,1,rule_exit
2025-09-03,2025-09-11,bull_put,1,638.3255615234375,626,594,32,5.525057361867281,2647.4942638132716,28.630340827717205,0.09538155510477672,-0.002201042685535448,0.0061423954004813375,0.025112714285056237,1.0193933570055773,1.065864373739607,0.0007954483931300604,0.18,0.01930920875864837,0.05013115865770488,0.17265804255835254,419.6822700610495,15.8520558777932,1,rule_exit
2025-09-24,2025-09-25,bull_put,1,657.3569946289062,644,611,33,5.513816313620304,2748.6183686379695,35.36007078373633,0.07351471585075593,0.005693159356543909,0.01644074348532998,0.027547952581888913,1.0307256202857067,1.0764797919200455,0.002597892952978631,0.18,0.02031924013594256,0.050201032725953255,0.16708534283697893,-75.6212219909371,-2.7512448746535116,0,rule_exit
2025-09-25,2025-10-06,bull_put,1,654.3242797851562,641,609,32,5.439739136169163,2656.0260863830836,0.0,0.07639891391209518,-0.0036022174870524726,0.0034127709065914225,0.02048218048108774,1.0248341285572884,1.077142906868174,-0.0016595489947776043,0.18,0.020363419479911708,0.04890541431613545,0.16999184800528636,435.4888370569327,16.39625601908043,1,rule_exit
2025-10-10,2025-10-13,bull_put,1,649.32275390625,636,604,32,5.383858900853711,2661.614109914629,16.56975780857674,0.11687451671672625,-0.02419278204702513,-0.013296768240902201,-0.003923818669167467,1.0045443990847125,1.083157893209946,-0.01893079493623695,0.18,0.020517922444734712,0.04928211710969888,0.16824559065167846,224.4092387415942,8.4313213514183,1,rule_exit
2025-10-13,2025-10-14,bull_put,1,659.2860107421875,646,613,33,5.554739397405551,2744.526060259445,33.27795094683495,0.12800448040259788,-0.012760390437823177,-0.0009643763429890706,0.006004224722608864,1.0186094201615887,1.0839282761710967,-0.0031744889273541688,0.18,0.02015211990806668,0.05005414867342693,0.1683254362850167,-13.550692538081762,-0.49373524756404724,0,rule_exit
2025-10-14,2025-10-16,bull_put,1,658.4805908203125,645,612,33,5.493864330043222,2750.6135669956775,34.58747301131247,0.12797821789034405,-0.01029714076764876,-0.0059293845689312175,0.006160509359300015,1.016340611054097,1.0844235283163832,-0.0035965440330687493,0.18,0.020472267532622098,0.05011537235879608,0.16648073727403703,-5.351472221177005,-0.19455558153965197,0,rule_exit
2025-10-16,2025-10-24,bull_put,1,656.899658203125,644,611,33,5.630989021559374,2736.901097844063,35.507665391572516,0.13028695185428454,-0.01567427993364201,-0.01282073036805309,0.0003195403080860082,1.0117717534982495,1.0854419254899572,-0.005027814442579381,0.18,0.019637182090200142,0.050235982905315835,0.17063603095634466,452.95207213340814,16.549815135454175,1,rule_exit
2025-10-30,2025-11-04,bull_put,1,675.98095703125,662,629,33,5.560432595842962,2743.9567404157037,22.142008243356003,0.1469067181690296,0.012013192490141877,0.02904750914366394,0.015854368493016358,1.0292297528120906,1.0894600594300339,0.0031662208331035835,0.18,0.0206824717262023,0.048817943252319224,0.16849795744978674,-58.3220408329704,-2.125472314265958,0,rule_exit
2025-10-31,2025-11-04,bull_put,1,678.1983642578125,665,631,34,5.842402184233286,2815.7597815766712,25.296600917097322,0.14712153006752265,0.007102264873938724,0.026595807584368192,0.019201706802076002,1.0310989812046825,1.0902032902390304,0.005276713231077368,0.18,0.019460920216544834,0.05013282513178568,0.17183535835980254,-164.5272303581802,-5.8430847487300195,0,rule_exit
2025-11-03,2025-11-04,bull_put,1,679.4711303710938,666,632,34,5.783530538467792,2821.6469461532206,31.707560509024376,0.14684668598721018,-0.0027727195852735864,0.017935394650552938,0.017465565060571064,1.03179198777385,1.0906453064838348,0.00585326092399141,0.18,0.01982590542697006,0.05003891774096549,0.17010383936669976,-232.64941819568458,-8.245163999445708,0,rule_exit
2025-11-04,2025-11-05,bull_put,1,671.4169921875,658,624,34,5.705813756651195,2829.4186243348804,30.23284093432447,0.15296140101343653,-0.017203698935536638,0.005884340952350353,0.009146398798692834,1.018499053033021,1.091038825188127,-0.004971572676899405,0.18,0.019983098943902166,0.050639171179190465,0.1678180516662116,67.6524257016988,2.391036275786233,1,rule_exit
2025-11-05,2025-11-06,bull_put,1,673.7437133789062,660,627,33,5.597387434290558,2740.261256570944,30.88727459370564,0.15203232394692212,-0.014271370443403097,0.014645074691921556,0.0066408317864778965,1.0209750815518615,1.0914482015596785,-0.0012467732659856567,0.18,0.020399022812368616,0.04898004885938157,0.1696178010391078,-202.33336048819194,-7.383725183247089,0,rule_exit
2025-11-06,2025-11-07,bull_put,1,666.514892578125,653,620,33,5.585780305866489,2741.4219694133512,13.212739630593703,0.15673719768554614,-0.014003448402892471,-0.002158482033940312,-0.0012664135546766042,1.009246107562276,1.0916652542352798,-0.009809022751446905,0.18024777733837805,0.02027695514176506,0.049511271792223206,0.1692660698747421,25.89277116630649,0.9445014833614759,1,rule_exit
2025-11-07,2025-11-13,bull_put,1,667.1710815429688,654,620,34,5.723163799921608,2827.683620007839,29.21062226180301,0.11992791255506456,-0.016259671647706586,-0.009272887268573227,0.027487605400157822,1.0095148730370356,1.0918522226249785,-0.007239587415470816,0.18,0.01974168531481902,0.05096144143623265,0.16832834705651786,131.59173901354552,4.653693860318811,1,rule_exit
2025-11-13,2025-11-14,bull_put,1,668.2350463867188,655,621,34,5.718156483986273,2828.184351601373,14.608013977545326,0.1327302225052103,0.0025808182649003086,-0.011458770493401826,0.017255889909579825,1.0066173388791537,1.09380208658508,-0.008366659665126286,0.18,0.019805974646620688,0.0508803005526945,0.16818107305841978,5.186538605914393,0.18338757171107584,1,rule_exit
2025-11-14,2025-11-17,bull_put,1,668.125732421875,655,621,34,5.746466560568009,2825.353343943199,3.2123492022311524,0.1315501103234129,0.0014308936722773336,-0.014852043836703244,0.011348761647549388,1.0056549360278866,1.0940231751693643,-0.006989010061369649,0.18,0.01964560229449,0.05088862522440815,0.16901372236964732,-175.54740196630803,-6.21329018342554,0,rule_exit
2025-12-09,2025-12-12,bull_put,1,679.1727294921875,666,632,34,5.860439834434117,2813.956016556588,32.911176031824965,0.1270499570672506,0.0022154436543453393,0.021398715436379945,0.0023477904161075536,1.0144370265898217,1.091796846837724,0.003306660624774471,0.18,0.01939525678841177,0.0500609028065976,0.17236587748335638,35.01927547588457,1.2444855310402945,1,rule_exit
2025-12-15,2025-12-16,bull_put,1,676.8758544921875,663,629,34,5.646031191834497,2835.3968808165505,15.93575564155708,0.12049133148362642,-0.004242097572464298,0.0006761145852254291,0.013096520079528107,1.0090231113997479,1.0904788948794728,-0.002765812745154861,0.18,0.020499851486943024,0.050230776846823436,0.16605974093630874,-41.389954050987285,-1.4597587495076745,0,rule_exit
2025-12-16,2025-12-17,bull_put,1,675.0264282226562,662,628,34,5.8527146482409504,2814.7285351759047,0.0,0.11540697161000724,-0.006104928966496392,-0.00390301043829,0.019829706762488408,1.0060496317562417,1.0898312994519495,-0.004496759932055339,0.18,0.019297656622059702,0.0503683983003776,0.17213866612473383,-215.3054220083328,-7.649242877870545,0,rule_exit
2025-12-18,2025-12-30,bull_put,1,672.6399536132812,659,626,33,5.612261934011011,2738.7738065988992,35.20821166871987,0.12049088079196284,-0.01842798958835823,-0.01157238491922552,0.020886305074244937,1.002325313183817,1.0882731919293964,-0.004276324091093575,0.18,0.02027823881113554,0.04906042203221931,0.17006854345487912,434.8989781047245,15.879331730749849,1,rule_exit
2025-12-30,2025-12-31,bull_put,1,685.138916015625,671,637,34,5.670754577567093,2832.9245422432905,0.0,0.08478998270272314,0.0031832857657616564,0.012207647042804748,0.01289201539624707,1.0154290356281757,1.0861420128473034,0.0028041421488480545,0.18,0.02063656827121838,0.04962497269564616,0.16678689934020863,-133.99248834852233,-4.72982906358736,0,rule_exit
2025-12-31,2026-01-02,bull_put,1,680.062744140625,666,632,34,5.633058254576252,2836.6941745423746,0.0,0.08930700605325113,-0.008779594546242886,0.0074609166506700575,0.003528786176813181,1.007530549707298,1.0854891436063083,-0.003787768237214939,0.18,0.02067859805847131,0.04999538688590387,0.16567818395812506,40.316097216655976,1.4212352384853018,1,rule_exit
2026-01-02,2026-01-14,bull_put,1,681.309326171875,668,634,34,5.847921972050317,2815.2078027949683,17.4093900235262,0.08870047930603076,-0.010443532083452167,0.020537236592238495,0.0018989508962730106,1.0089642266482126,1.084814402230822,-0.0016055767208731364,0.18,0.019534924388393642,0.04990391103412368,0.17199770506030343,412.87981780325185,14.666051202093868,1,rule_exit
2026-01-14,2026-01-20,bull_put,1,688.479736328125,675,640,35,5.9322790335392375,2906.772096646076,18.506011076590568,0.08631961712242044,0.0011310598769467273,0.0048761210820256196,0.017143294089937866,1.0162925724167287,1.079359871105695,-0.00011259693894782874,0.18,0.01957898775643942,0.050836645079295736,0.16949368667254963,-347.5407377254944,-11.956243082369536,0,rule_exit
2026-01-15,2026-01-20,bull_put,1,690.3546142578125,677,642,35,5.987857632650175,2901.2142367349825,28.1436961162469,0.08547282084946091,0.003959289071240324,0.01513370671436065,0.02270753468944231,1.0187328249713237,1.0785269598463363,0.0021346957317278648,0.18,0.01934457158973262,0.05069858197098871,0.17108164664714787,-449.233416014275,-15.48432412629551,0,rule_exit
2026-01-16,2026-01-20,bull_put,1,689.7761840820312,676,641,35,5.867169406406829,2913.283059359317,32.02694108202225,0.07303325582980678,-0.003472281313865788,0.012427333055500034,0.03321979272691,1.0173280255026371,1.0779519063831091,0.0010593231360074284,0.18,0.019971962500220108,0.05074109661611286,0.16763341161162368,-445.7397254874413,-15.300254606411896,0,rule_exit
2026-01-21,2026-02-02,bull_put,1,683.5332641601562,670,636,34,5.813109317230008,2818.689068276999,34.78651489617734,0.10692027116789576,-0.012064553179889859,-0.009265514151771348,0.007067360873247885,1.0075555920442911,1.0762419001411718,-0.003688259486169021,0.18,0.019798983999387804,0.04974154409555345,0.1709738034479414,449.17466901798093,15.935587719597297,1,rule_exit
2026-01-30,2026-02-03,bull_put,1,690.0853271484375,676,642,34,5.74080829785058,2825.919170214942,0.0,0.10263181648550339,0.003975460654394469,-0.0003900707025251693,0.0147377327962257,1.0132408062452214,1.070075400450367,0.00028219415026864425,0.18,0.020410993531250293,0.04926926955612055,0.16884730287795824,-27.50141800626818,-0.9731848771943608,0,rule_exit
2026-02-03,2026-02-04,bull_put,1,687.6520385742188,674,640,34,5.828057404322483,2817.194259567752,30.20214286481898,0.10639614686041847,-0.008569437550032477,0.01763633415784227,0.002631949905116393,1.007716534369043,1.0693758183803774,-0.0034359642619432584,0.18,0.0198531201950989,0.04944361114742825,0.17141345306830832,-84.39302568968333,-2.995640978717312,0,rule_exit
2026-02-04,2026-02-05,bull_put,1,684.3211059570312,671,636,35,5.927348107805099,2907.2651892194904,27.17239445607352,0.10549302033701471,-0.013272515783840255,0.0011526019846934688,-0.00812359161707843,1.0017933269770154,1.0691151956952638,-0.006771007504014492,0.18,0.019466162655324686,0.05114558018936458,0.1693528030801457,-253.01336427820672,-8.702796195421474,0,rule_exit
